"original_url;wayback_url;timestamp;type"
"http://www.press.sk:80/cd/n;"
"http://www.press.sk:80/cd/n;"
"http://www.press.sk:80/cd/n;"
"http://www.press.sk:80/cd/n;"
"http://www.press.sk:80/cd/n;"
"http://www.press.sk:80/cd/n;"
"http://www.press.sk:80/cd/n;"
"http://www.press.sk:80/cd/n;"
"http://www.press.sk:80/cd/n;"
"http://www.press.sk:80/cd/n;"
"http://www.press.sk:80/cd/n;"
"http://www.press.sk:80/cd/n;"
"http://www.press.sk:80/cd/n;"
"http://www.press.sk:80/cd/n;"
"http://www.press.sk:80/cd/n;"
"http://www.press.sk:80/cd/n;"
"http://www.press.sk:80/cd/n;"
"http://www.press.sk:80/cd/n;"
"http://www.press.sk:80/cd/n;"
"http://www.press.sk:80/cd/n;"
"http://www.press.sk:80/cd/n;"
"http://www.press.sk:80/cd/n;"
"http://www.press.sk:80/cd/n;"
"http://www.press.sk:80/cd/n;"
"http://www.press.sk:80/cd/n;"
"http://www.press.sk:80/cd/n;"
"http://www.press.sk:80/cd/n;"
"http://www.press.sk/cd/o;"
"http://www.press.sk:80/cd/o;"
"http://www.press.sk:80/cd/o;"
"http://www.press.sk:80/cd/o;"
"http://www.press.sk:80/cd/o;"
"http://www.press.sk:80/cd/o;"
"http://www.press.sk:80/cd/o;"
"http://www.press.sk/cd/o;"
"http://www.press.sk:80/cd/o;"
"http://www.press.sk:80/cd/o;"
"http://www.press.sk:80/cd/o;"
"http://www.press.sk/cd/o;"
"http://www.press.sk:80/cd/o;"
"http://www.press.sk:80/cd/o;"
"http://www.press.sk:80/cd/o;"
"http://www.press.sk/cd/o;"
"http://www.press.sk:80/cd/o;"
"http://www.press.sk:80/cd/o;"
"http://www.press.sk:80/cd/o;"
"http://www.press.sk:80/cd/rozpravky-pre-najmensich/;"
"http://www.press.sk:80/cd/rozpravky-pre-najmensich/;"
"http://www.press.sk:80/cd/rozpravky-z-dalekych-krajin/;"
"http://www.press.sk:80/cd/slovenske-ludove-rozpravky/;"
"http://www.press.sk:80/chovatelstvo-124/;"
"http://www.press.sk:80/chovatelstvo-124/;"
"http://www.press.sk:80/chovatelstvo-124;"
"http://www.press.sk:80/chovatelstvo-124/;"
"http://www.press.sk:80/chovatelstvo-124;"
"http://www.press.sk:80/chovatelstvo-124/;"
"http://www.press.sk:80/chovatelstvo-124;"
"http://www.press.sk:80/chovatelstvo-124/;"
"http://www.press.sk:80/chovatelstvo-124/;"
"http://www.press.sk:80/chovatelstvo-124;"
"http://www.press.sk:80/chovatelstvo-124;"
"http://www.press.sk:80/chovatelstvo-124/;"
"http://www.press.sk:80/chovatelstvo-124;"
"http://www.press.sk:80/chovatelstvo-124;"
"http://www.press.sk:80/chovatelstvo-124/;"
"http://www.press.sk:80/chovatelstvo-124;"
"http://www.press.sk:80/chovatelstvo-124;"
"http://www.press.sk:80/chovatelstvo-124/;"
"http://www.press.sk:80/chovatelstvo-124;"
"http://www.press.sk:80/chovatelstvo-124/;"
"http://www.press.sk:80/chovatelstvo-124;"
"http://www.press.sk:80/chovatelstvo-124/;"
"http://www.press.sk:80/chovatelstvo-124/;"
"http://www.press.sk:80/chovatelstvo-124/;"
"http://www.press.sk:80/chovatelstvo-124/;"
"http://www.press.sk:80/chovatelstvo-124/;"
"http://www.press.sk:80/chovatelstvo-124/;"
"http://www.press.sk:80/chovatelstvo-124/;"
"http://www.press.sk:80/chovatelstvo-124/;"
"http://www.press.sk:80/chovatelstvo-124/;"
"http://www.press.sk/chovatelstvo-124/;"
"http://www.press.sk:80/chovatelstvo-124/;"
"http://www.press.sk:80/chovatelstvo-124/;"
"http://www.press.sk:80/chovatelstvo-124/;"
"http://www.press.sk:80/chovatelstvo-124;"
"http://www.press.sk:80/chovatelstvo-124/;"
"http://www.press.sk:80/chovatelstvo-124;"
"http://www.press.sk:80/chovatelstvo-124/;"
"http://www.press.sk:80/chovatelstvo-124;"
"http://www.press.sk:80/chovatelstvo-124/;"
"http://www.press.sk:80/chovatelstvo-124/;"
"http://www.press.sk:80/chovatelstvo-124/;"
"http://www.press.sk:80/chovatelstvo-124/;"
"http://www.press.sk:80/chovatelstvo-124/;"
"http://www.press.sk:80/chovatelstvo-124/;"
"http://www.press.sk:80/chovatelstvo-124/;"
"http://www.press.sk:80/chovatelstvo-124/;"
"http://www.press.sk:80/chovatelstvo-124/;"
"http://www.press.sk/chovatelstvo-124/;"
"http://www.press.sk:80/chovatelstvo-124/;"
"http://www.press.sk:80/chovatelstvo-124/;"
"http://www.press.sk:80/chovatelstvo-124/;"
"http://www.press.sk:80/chovatelstvo-124;"
"http://www.press.sk:80/chovatelstvo-124;"
"http://www.press.sk:80/chovatelstvo-124/;"
"http://www.press.sk:80/chovatelstvo-124/o;"
"http://www.press.sk:80/chovatelstvo/n;"
"http://www.press.sk:80/chovatelstvo/n;"
"http://www.press.sk:80/chovatelstvo/n;"
"http://www.press.sk:80/chovatelstvo/n;"
"http://www.press.sk:80/chovatelstvo/n;"
"http://www.press.sk:80/chovatelstvo/n;"
"http://www.press.sk:80/chovatelstvo/n;"
"http://www.press.sk:80/chovatelstvo/n;"
"http://www.press.sk:80/chovatelstvo/n;"
"http://www.press.sk:80/chovatelstvo/n;"
"http://www.press.sk:80/chovatelstvo/n;"
"http://www.press.sk:80/chovatelstvo/n;"
"http://www.press.sk:80/chovatelstvo/n;"
"http://www.press.sk:80/chovatelstvo/n;"
"http://www.press.sk:80/chovatelstvo/n;"
"http://www.press.sk:80/chovatelstvo/n;"
"http://www.press.sk:80/chovatelstvo/n;"
"http://www.press.sk:80/chovatelstvo/n;"
"http://www.press.sk:80/chovatelstvo/n;"
"http://www.press.sk:80/chovatelstvo/n;"
"http://www.press.sk:80/chovatelstvo/n;"
"http://www.press.sk:80/chovatelstvo/n;"
"http://www.press.sk:80/chovatelstvo/n;"
"http://www.press.sk:80/chovatelstvo/n;"
"http://www.press.sk:80/chovatelstvo/n;"
"http://www.press.sk:80/chovatelstvo/n;"
"http://www.press.sk:80/chovatelstvo/n;"
"http://www.press.sk:80/chovatelstvo/n;"
"http://www.press.sk:80/chovatelstvo/n;"
"http://www.press.sk:80/chovatelstvo/n;"
"http://www.press.sk:80/chovatelstvo/n;"
"http://www.press.sk:80/chovatelstvo/n;"
"http://www.press.sk:80/chovatelstvo/n;"
"http://www.press.sk:80/chovatelstvo/n;"
"http://www.press.sk:80/chovatelstvo/n;"
"http://www.press.sk:80/chovatelstvo/n;"
"http://www.press.sk:80/chovatelstvo/n;"
"http://www.press.sk:80/chovatelstvo/n;"
"http://www.press.sk:80/chovatelstvo/n;"
"http://www.press.sk:80/chovatelstvo/n;"
"http://www.press.sk:80/chovatelstvo/n;"
"http://www.press.sk:80/chovatelstvo/n;"
"http://www.press.sk:80/chovatelstvo/n;"
"http://www.press.sk:80/chovatelstvo/n;"
"http://www.press.sk:80/chovatelstvo/n;"
"http://www.press.sk:80/chovatelstvo/n;"
"http://www.press.sk:80/chovatelstvo/n;"
"http://www.press.sk:80/chovatelstvo/n;"
"http://www.press.sk:80/chovatelstvo/n;"
"http://www.press.sk:80/chovatelstvo/n;"
"http://www.press.sk:80/chovatelstvo/n;"
"http://www.press.sk:80/chovatelstvo/n;"
"http://www.press.sk:80/chovatelstvo/n;"
"http://www.press.sk:80/chovatelstvo/n;"
"http://www.press.sk:80/chovatelstvo/n;"
"http://www.press.sk:80/chovatelstvo/n;"
"http://www.press.sk:80/chovatelstvo/n;"
"http://www.press.sk:80/chovatelstvo/n;"
"http://www.press.sk:80/chovatelstvo/n;"
"http://www.press.sk:80/chovatelstvo/n;"
"http://www.press.sk:80/chovatelstvo/n;"
"http://www.press.sk:80/chovatelstvo/n;"
"http://www.press.sk:80/chovatelstvo/n;"
"http://www.press.sk:80/chovatelstvo/n;"
"http://www.press.sk:80/chovatelstvo/n;"
"http://www.press.sk:80/chovatelstvo/n;"
"http://www.press.sk:80/chovatelstvo/n;"
"http://www.press.sk:80/chovatelstvo/n;"
"http://www.press.sk:80/chovatelstvo/n;"
"http://www.press.sk:80/chovatelstvo/n;"
"http://www.press.sk:80/chovatelstvo/n;"
"http://www.press.sk:80/chovatelstvo/n;"
"http://www.press.sk:80/chovatelstvo/n;"
"http://www.press.sk:80/chovatelstvo/n;"
"http://www.press.sk:80/chovatelstvo/n;"
"http://www.press.sk:80/chovatelstvo/n;"
"http://www.press.sk:80/chovatelstvo/n;"
"http://www.press.sk:80/chovatelstvo/n;"
"http://www.press.sk:80/chovatelstvo/n;"
"http://www.press.sk:80/chovatelstvo/n;"
"http://www.press.sk:80/chovatelstvo/n;"
"http://www.press.sk:80/chovatelstvo/n;"
"http://www.press.sk:80/chovatelstvo/n;"
"http://www.press.sk:80/chovatelstvo/n;"
"http://www.press.sk:80/chovatelstvo/n;"
"http://www.press.sk:80/chovatelstvo/n;"
"http://www.press.sk:80/chovatelstvo/n;"
"http://www.press.sk:80/chovatelstvo/n;"
"http://www.press.sk:80/chovatelstvo/n;"
"http://www.press.sk:80/chovatelstvo/n;"
"http://www.press.sk:80/chovatelstvo/n;"
"http://www.press.sk:80/chovatelstvo/n;"
"http://www.press.sk:80/chovatelstvo/n;"
"http://www.press.sk:80/chovatelstvo/n;"
"http://www.press.sk:80/chovatelstvo/n;"
"http://www.press.sk:80/chovatelstvo/n;"
"http://www.press.sk:80/chovatelstvo/n;"
"http://www.press.sk:80/chovatelstvo/n;"
"http://www.press.sk:80/chovatelstvo/n;"
"http://www.press.sk:80/chovatelstvo/n;"
"http://www.press.sk:80/chovatelstvo/o;"
"http://www.press.sk:80/chovatelstvo/o;"
"http://www.press.sk:80/chovatelstvo/o;"
"http://www.press.sk:80/chovatelstvo/o;"
"http://www.press.sk:80/chovatelstvo/o;"
"http://www.press.sk:80/chovatelstvo/o;"
"http://www.press.sk:80/chovatelstvo/o;"
"http://www.press.sk:80/chovatelstvo/o;"
"http://www.press.sk:80/chovatelstvo/o;"
"http://www.press.sk/chovatelstvo/o;"
"http://www.press.sk/chovatelstvo/o;"
"http://www.press.sk:80/chovatelstvo/o;"
"http://www.press.sk:80/chovatelstvo/o;"
"http://www.press.sk:80/chovatelstvo/o;"
"http://www.press.sk:80/chovatelstvo/o;"
"http://www.press.sk:80/chovatelstvo/o;"
"http://www.press.sk:80/chovatelstvo/o;"
"http://www.press.sk:80/chovatelstvo/o;"
"http://www.press.sk:80/chovatelstvo/o;"
"http://www.press.sk/chovatelstvo/o;"
"http://www.press.sk:80/chovatelstvo/o;"
"http://www.press.sk:80/chovatelstvo/o;"
"http://www.press.sk:80/chovatelstvo/o;"
"http://www.press.sk:80/chovatelstvo/o;"
"http://www.press.sk:80/chovatelstvo/o;"
"http://www.press.sk:80/chovatelstvo/o;"
"http://www.press.sk:80/chovatelstvo/o;"
"http://www.press.sk:80/chovatelstvo/o;"
"http://www.press.sk:80/chovatelstvo/o;"
"http://www.press.sk/chovatelstvo/o;"
"http://www.press.sk:80/chovatelstvo/o;"
"http://www.press.sk:80/chovatelstvo/o;"
"http://www.press.sk:80/chovatelstvo/o;"
"http://www.press.sk:80/chovatelstvo/o;"
"http://www.press.sk:80/chovatelstvo/o;"
"http://www.press.sk:80/chovatelstvo/o;"
"http://www.press.sk:80/chovatelstvo/o;"
"http://www.press.sk:80/chovatelstvo/o;"
"http://www.press.sk:80/chovatelstvo/o;"
"http://www.press.sk/chovatelstvo/o;"
"http://www.press.sk:80/cinove-figurky/n;"
"http://www.press.sk:80/cinove-figurky/n;"
"http://www.press.sk:80/cinove-figurky/n;"
"http://www.press.sk:80/cinove-figurky/n;"
"http://www.press.sk:80/cinove-figurky/n;"
"http://www.press.sk:80/cinove-figurky/n;"
"http://www.press.sk:80/cinove-figurky/n;"
"http://www.press.sk:80/cinove-figurky/n;"
"http://www.press.sk/de-agostini/o;"
"http://www.press.sk/de-agostini/o;"
"http://www.press.sk:80/de-agostini/o;"
"http://www.press.sk/de-agostini/o;"
"http://www.press.sk/de-agostini/o;"
"http://www.press.sk/de-agostini/o;"
"http://www.press.sk/de-agostini/o;"
"http://www.press.sk:80/de-agostini/o;"
"http://www.press.sk/de-agostini/o;"
"http://www.press.sk:80/de-agostini/o;"
"http://www.press.sk:80/de-agostini/o;"
"http://www.press.sk/de-agostini/o;"
"http://www.press.sk/de-agostini/o;"
"http://www.press.sk/de-agostini/o;"
"http://www.press.sk:80/de-agostini/o;"
"http://www.press.sk/de-agostini/o;"
"http://www.press.sk/de-agostini/o;"
"http://www.press.sk:80/de-agostini/o;"
"http://www.press.sk/de-agostini/o;"
"http://www.press.sk:80/de-agostini/tajemstvi-lidskeho-tela-c.01/;"
"http://www.press.sk/de-agostini/tajemstvi-lidskeho-tela-c.01/;"
"http://www.press.sk:80/de-agostini/tajemstvi-lidskeho-tela-c.01/;"
"http://www.press.sk/de-agostini/tajemstvi-lidskeho-tela-c.01/;"
"http://www.press.sk:80/de-agostini/vesela-farma-kolekcia/;"
"http://www.press.sk:80/de-agostini/vesela-farma-kolekcia/;"
"http://www.press.sk:80/de-agostini/vesela-farma-kolekcia/;"
"http://www.press.sk:80/de-agostini/vesela-farma-kolekcia/;"
"http://www.press.sk:80/de-agostini/vesela-farma-kolekcia/;"
"http://www.press.sk/de-agostini/vesela-farma-kolekcia/;"
"http://www.press.sk:80/de-agostini/vesela-farma-kolekcia/;"
"http://www.press.sk:80/dejiny-vojen-a-vojenskeho-umenia/n;"
"http://www.press.sk:80/dejiny-vojen-a-vojenskeho-umenia/n;"
"http://www.press.sk:80/dejiny-vojen-a-vojenskeho-umenia/n;"
"http://www.press.sk:80/dejiny-vojen-a-vojenskeho-umenia/n;"
"http://www.press.sk:80/dejiny-vojen-a-vojenskeho-umenia/n;"
"http://www.press.sk:80/dejiny-vojen-a-vojenskeho-umenia/n;"
"http://www.press.sk:80/dejiny-vojen-a-vojenskeho-umenia/n;"
"http://www.press.sk:80/dejiny-vojen-a-vojenskeho-umenia/n;"
"http://www.press.sk:80/dejiny-vojen-a-vojenskeho-umenia/n;"
"http://www.press.sk:80/dejiny-vojen-a-vojenskeho-umenia/n;"
"http://www.press.sk:80/dejiny-vojen-a-vojenskeho-umenia/n;"
"http://www.press.sk:80/dejiny-vojen-a-vojenskeho-umenia/n;"
"http://www.press.sk:80/dejiny-vojen-a-vojenskeho-umenia/n;"
"http://www.press.sk:80/dejiny-vojen-a-vojenskeho-umenia/n;"
"http://www.press.sk:80/dejiny-vojen-a-vojenskeho-umenia/n;"
"http://www.press.sk:80/dejiny-vojen-a-vojenskeho-umenia/n;"
"http://www.press.sk:80/dejiny-vojen-a-vojenskeho-umenia/n;"
"http://www.press.sk:80/dejiny-vojen-a-vojenskeho-umenia/n;"
"http://www.press.sk:80/dejiny-vojen-a-vojenskeho-umenia/n;"
"http://www.press.sk:80/dejiny-vojen-a-vojenskeho-umenia/n;"
"http://www.press.sk:80/dejiny-vojen-a-vojenskeho-umenia/n;"
"http://www.press.sk:80/dejiny-vojen-a-vojenskeho-umenia/n;"
"http://www.press.sk:80/dejiny-vojen-a-vojenskeho-umenia/n;"
"http://www.press.sk:80/dejiny-vojen-a-vojenskeho-umenia/n;"
"http://www.press.sk:80/dejiny-vojen-a-vojenskeho-umenia/n;"
"http://www.press.sk:80/dejiny-vojen-a-vojenskeho-umenia/n;"
"http://www.press.sk:80/dejiny-vojen-a-vojenskeho-umenia/n;"
"http://www.press.sk:80/dejiny-vojen-a-vojenskeho-umenia/n;"
"http://www.press.sk:80/dejiny-vojen-a-vojenskeho-umenia/n;"
"http://www.press.sk:80/dejiny-vojen-a-vojenskeho-umenia/n;"
"http://www.press.sk:80/dejiny-vojen-a-vojenskeho-umenia/n;"
"http://www.press.sk:80/dejiny-vojen-a-vojenskeho-umenia/n;"
"http://www.press.sk:80/dejiny-vojen-a-vojenskeho-umenia/n;"
"http://www.press.sk:80/dejiny-vojen-a-vojenskeho-umenia/n;"
"http://www.press.sk:80/dejiny-vojen-a-vojenskeho-umenia/n;"
"http://www.press.sk:80/dejiny-vojen-a-vojenskeho-umenia/o;"
"http://www.press.sk:80/dejiny-vojen-a-vojenskeho-umenia/o;"
"http://www.press.sk:80/dejiny-vojen-a-vojenskeho-umenia/o;"
"http://www.press.sk:80/dejiny-vojen-a-vojenskeho-umenia/o;"
"http://www.press.sk/dejiny-vojen-a-vojenskeho-umenia/o;"
"http://www.press.sk:80/dejiny-vojen-a-vojenskeho-umenia/o;"
"http://www.press.sk:80/dejiny-vojen-a-vojenskeho-umenia/o;"
"http://www.press.sk:80/dejiny-vojen-a-vojenskeho-umenia/o;"
"http://www.press.sk:80/dejiny-vojen-a-vojenskeho-umenia/o;"
"http://www.press.sk:80/dejiny-vojen-a-vojenskeho-umenia/o;"
"http://www.press.sk:80/dejiny-vojen-a-vojenskeho-umenia/o;"
"http://www.press.sk:80/dejiny-vojen-a-vojenskeho-umenia/o;"
"http://www.press.sk:80/dejiny-vojen-a-vojenskeho-umenia/o;"
"http://www.press.sk:80/dejiny-vojen-a-vojenskeho-umenia/o;"
"http://www.press.sk:80/dejiny-vojen-a-vojenskeho-umenia/o;"
"http://www.press.sk:80/dejiny-vojen-a-vojenskeho-umenia/o;"
"http://www.press.sk:80/dejiny-vojen-a-vojenskeho-umenia/o;"
"http://www.press.sk:80/dejiny-vojen-a-vojenskeho-umenia/o;"
"http://www.press.sk/dejiny-vojen-a-vojenskeho-umenia/o;"
"http://www.press.sk:80/dejiny-vojen-a-vojenskeho-umenia/o;"
"http://www.press.sk:80/dejiny-vojen-a-vojenskeho-umenia/o;"
"http://www.press.sk:80/dejiny-vojen-a-vojenskeho-umenia/o;"
"http://www.press.sk:80/dejiny-vojen-a-vojenskeho-umenia/o;"
"http://www.press.sk:80/dejiny-vojen-a-vojenskeho-umenia/o;"
"http://www.press.sk:80/dejiny-vojen-a-vojenskeho-umenia/o;"
"http://www.press.sk:80/dejiny-vojen-a-vojenskeho-umenia/o;"
"http://www.press.sk:80/dejiny-vojen-a-vojenskeho-umenia/o;"
"http://www.press.sk:80/dejiny-vojen-a-vojenskeho-umenia/o;"
"http://www.press.sk:80/dejiny-vojen-a-vojenskeho-umenia/o;"
"http://www.press.sk:80/dejiny-vojen-a-vojenskeho-umenia/o;"
"http://www.press.sk:80/dejiny-vojen-a-vojenskeho-umenia/o;"
"http://www.press.sk/dejiny-vojen-a-vojenskeho-umenia/o;"
"http://www.press.sk:80/dejiny-vojen-a-vojenskeho-umenia/o;"
"http://www.press.sk:80/dejiny-vojen-a-vojenskeho-umenia/o;"
"http://www.press.sk/dejiny-vojen-a-vojenskeho-umenia/o;"
"http://www.press.sk:80/dejiny-vojen-a-vojenskeho-umenia/o;"
"http://www.press.sk:80/dejiny-vojen-a-vojenskeho-umenia/o;"
"http://www.press.sk:80/dejiny-vojen-a-vojenskeho-umenia/o;"
"http://www.press.sk:80/dejiny-vojen-a-vojenskeho-umenia/o;"
"http://www.press.sk/dejiny-vojen-a-vojenskeho-umenia/o;"
"http://www.press.sk:80/dejiny-vojen-a-vojenskeho-umenia/o;"
"http://www.press.sk:80/dejiny-vojen-a-vojenskeho-umenia/o;"
"http://www.press.sk:80/dejiny-vojen-a-vojenskeho-umenia/o;"
"http://www.press.sk/dejiny-vojen-a-vojenskeho-umenia/o;"
"http://www.press.sk:80/dejiny-vojen-a-vojenskeho-umenia/o;"
"http://www.press.sk:80/detska-literatura;"
"http://www.press.sk:80/detska-literatura;"
"http://www.press.sk:80/detska-literatura/;"
"http://www.press.sk:80/detska-literatura/;"
"http://www.press.sk:80/detska-literatura/;"
"http://www.press.sk:80/detska-literatura/;"
"http://www.press.sk/detska-literatura/;"
"http://www.press.sk:80/detska-literatura/;"
"http://www.press.sk:80/detska-literatura/;"
"http://www.press.sk:80/detska-literatura/;"
"http://www.press.sk:80/detska-literatura/;"
"http://www.press.sk:80/detska-literatura/;"
"http://www.press.sk:80/detska-literatura/;"
"http://www.press.sk:80/detska-literatura/;"
"http://www.press.sk:80/detska-literatura/n;"
"http://www.press.sk:80/detska-literatura/n;"
"http://www.press.sk:80/detska-literatura/n;"
"http://www.press.sk:80/detska-literatura/n;"
"http://www.press.sk:80/detska-literatura/n;"
"http://www.press.sk:80/detska-literatura/n;"
"http://www.press.sk/detska-literatura/o;"
"http://www.press.sk:80/detska-literatura/o;"
"http://www.press.sk/detska-literatura/o;"
"http://www.press.sk/detska-literatura/o;"
"http://www.press.sk/detska-literatura/o;"
"http://www.press.sk:80/detska-literatura/o;"
"http://www.press.sk:80/detska-literatura/o;"
"http://www.press.sk:80/detska-literatura/o;"
"http://www.press.sk/detska-literatura/o;"
"http://www.press.sk:80/detska-literatura/o;"
"http://www.press.sk/detska-literatura/o;"
"http://www.press.sk:80/detska-literatura/o;"
"http://www.press.sk:80/dvd;"
"http://www.press.sk:80/dvd/;"
"http://www.press.sk:80/dvd;"
"http://www.press.sk:80/dvd/n;"
"http://www.press.sk:80/dvd/n;"
"http://www.press.sk:80/dvd/n;"
"http://www.press.sk:80/dvd/n;"
"http://www.press.sk:80/dvd/n;"
"http://www.press.sk:80/dvd/n;"
"http://www.press.sk:80/dvd/n;"
"http://www.press.sk:80/dvd/n;"
"http://www.press.sk:80/dvd/n;"
"http://www.press.sk:80/dvd/n;"
"http://www.press.sk:80/dvd/n;"
"http://www.press.sk:80/dvd/n;"
"http://www.press.sk:80/dvd/n;"
"http://www.press.sk:80/dvd/n;"
"http://www.press.sk:80/dvd/n;"
"http://www.press.sk:80/dvd/n;"
"http://www.press.sk:80/dvd/n;"
"http://www.press.sk:80/dvd/n;"
"http://www.press.sk:80/dvd/n;"
"http://www.press.sk:80/dvd/n;"
"http://www.press.sk:80/dvd/n;"
"http://www.press.sk:80/dvd/n;"
"http://www.press.sk:80/dvd/n;"
"http://www.press.sk:80/dvd/n;"
"http://www.press.sk:80/dvd/n;"
"http://www.press.sk:80/dvd/n;"
"http://www.press.sk:80/dvd/n;"
"http://www.press.sk:80/dvd/n;"
"http://www.press.sk:80/dvd/n;"
"http://www.press.sk:80/dvd/n;"
"http://www.press.sk:80/dvd/n;"
"http://www.press.sk:80/dvd/n;"
"http://www.press.sk:80/dvd/n;"
"http://www.press.sk:80/dvd/n;"
"http://www.press.sk:80/dvd/n;"
"http://www.press.sk:80/dvd/n;"
"http://www.press.sk:80/dvd/n;"
"http://www.press.sk:80/dvd/n;"
"http://www.press.sk:80/dvd/n;"
"http://www.press.sk:80/dvd/n;"
"http://www.press.sk:80/dvd/n;"
"http://www.press.sk:80/dvd/n;"
"http://www.press.sk:80/dvd/n;"
"http://www.press.sk:80/dvd/n;"
"http://www.press.sk:80/dvd/n;"
"http://www.press.sk:80/dvd/n;"
"http://www.press.sk:80/dvd/n;"
"http://www.press.sk:80/dvd/n;"
"http://www.press.sk:80/dvd/n;"
"http://www.press.sk:80/dvd/n;"
"http://www.press.sk:80/dvd/n;"
"http://www.press.sk:80/dvd/n;"
"http://www.press.sk:80/dvd/n;"
"http://www.press.sk:80/dvd/n;"
"http://www.press.sk:80/dvd/n;"
"http://www.press.sk:80/dvd/n;"
"http://www.press.sk:80/dvd/n;"
"http://www.press.sk:80/dvd/n;"
"http://www.press.sk:80/dvd/n;"
"http://www.press.sk:80/dvd/n;"
"http://www.press.sk:80/dvd/n;"
"http://www.press.sk:80/dvd/n;"
"http://www.press.sk:80/dvd/n;"
"http://www.press.sk:80/dvd/n;"
"http://www.press.sk:80/dvd/n;"
"http://www.press.sk:80/dvd/n;"
"http://www.press.sk:80/dvd/n;"
"http://www.press.sk:80/dvd/n;"
"http://www.press.sk:80/dvd/n;"
"http://www.press.sk:80/dvd/n;"
"http://www.press.sk:80/dvd/n;"
"http://www.press.sk:80/dvd/n;"
"http://www.press.sk:80/dvd/n;"
"http://www.press.sk:80/dvd/n;"
"http://www.press.sk:80/dvd/n;"
"http://www.press.sk:80/dvd/n;"
"http://www.press.sk:80/dvd/n;"
"http://www.press.sk:80/dvd/n;"
"http://www.press.sk:80/dvd/n;"
"http://www.press.sk:80/dvd/n;"
"http://www.press.sk:80/dvd/n;"
"http://www.press.sk:80/dvd/n;"
"http://www.press.sk:80/dvd/n;"
"http://www.press.sk:80/dvd/n;"
"http://www.press.sk:80/dvd/n;"
"http://www.press.sk:80/dvd/n;"
"http://www.press.sk:80/dvd/n;"
"http://www.press.sk:80/dvd/n;"
"http://www.press.sk:80/dvd/n;"
"http://www.press.sk:80/dvd/n;"
"http://www.press.sk:80/dvd/n;"
"http://www.press.sk:80/dvd/n;"
"http://www.press.sk:80/dvd/n;"
"http://www.press.sk:80/dvd/n;"
"http://www.press.sk:80/dvd/n;"
"http://www.press.sk:80/dvd/n;"
"http://www.press.sk:80/dvd/n;"
"http://www.press.sk:80/dvd/n;"
"http://www.press.sk:80/dvd/n;"
"http://www.press.sk:80/dvd/n;"
"http://www.press.sk:80/dvd/n;"
"http://www.press.sk:80/dvd/n;"
"http://www.press.sk:80/dvd/n;"
"http://www.press.sk:80/dvd/n;"
"http://www.press.sk:80/dvd/n;"
"http://www.press.sk:80/dvd/n;"
"http://www.press.sk:80/dvd/n;"
"http://www.press.sk:80/dvd/n;"
"http://www.press.sk:80/dvd/n;"
"http://www.press.sk:80/dvd/n;"
"http://www.press.sk:80/dvd/n;"
"http://www.press.sk:80/dvd/n;"
"http://www.press.sk:80/dvd/n;"
"http://www.press.sk:80/dvd/n;"
"http://www.press.sk:80/dvd/n;"
"http://www.press.sk:80/dvd/n;"
"http://www.press.sk:80/dvd/n;"
"http://www.press.sk:80/dvd/n;"
"http://www.press.sk:80/dvd/n;"
"http://www.press.sk:80/dvd/n;"
"http://www.press.sk:80/dvd/n;"
"http://www.press.sk:80/dvd/n;"
"http://www.press.sk:80/dvd/n;"
"http://www.press.sk:80/dvd/n;"
"http://www.press.sk:80/dvd/n;"
"http://www.press.sk:80/dvd/n;"
"http://www.press.sk:80/dvd/n;"
"http://www.press.sk:80/dvd/n;"
"http://www.press.sk:80/dvd/n;"
"http://www.press.sk:80/dvd/n;"
"http://www.press.sk:80/dvd/n;"
"http://www.press.sk:80/dvd/n;"
"http://www.press.sk:80/dvd/n;"
"http://www.press.sk:80/dvd/n;"
"http://www.press.sk:80/dvd/n;"
"http://www.press.sk:80/dvd/n;"
"http://www.press.sk:80/dvd/n;"
"http://www.press.sk:80/dvd/n;"
"http://www.press.sk:80/dvd/n;"
"http://www.press.sk:80/dvd/n;"
"http://www.press.sk:80/dvd/n;"
"http://www.press.sk:80/dvd/n;"
"http://www.press.sk:80/dvd/n;"
"http://www.press.sk:80/dvd/n;"
"http://www.press.sk:80/dvd/n;"
"http://www.press.sk:80/dvd/n;"
"http://www.press.sk:80/dvd/n;"
"http://www.press.sk:80/dvd/n;"
"http://www.press.sk:80/dvd/n;"
"http://www.press.sk:80/dvd/n;"
"http://www.press.sk:80/dvd/n;"
"http://www.press.sk:80/dvd/n;"
"http://www.press.sk:80/dvd/n;"
"http://www.press.sk:80/dvd/n;"
"http://www.press.sk:80/dvd/n;"
"http://www.press.sk:80/dvd/n;"
"http://www.press.sk:80/dvd/n;"
"http://www.press.sk:80/dvd/n;"
"http://www.press.sk:80/dvd/n;"
"http://www.press.sk:80/dvd/n;"
"http://www.press.sk:80/dvd/n;"
"http://www.press.sk:80/dvd/n;"
"http://www.press.sk/dvd/o;"
"http://www.press.sk/dvd/o;"
"http://www.press.sk:80/dvd/o;"
"http://www.press.sk/dvd/o;"
"http://www.press.sk:80/dvd/o;"
"http://www.press.sk/dvd/o;"
"http://www.press.sk:80/dvd/o;"
"http://www.press.sk/dvd/o;"
"http://www.press.sk:80/dvd/o;"
"http://www.press.sk/dvd/o;"
"http://www.press.sk:80/dvd/o;"
"http://www.press.sk:80/dvd/o;"
"http://www.press.sk:80/dvd/o;"
"http://www.press.sk:80/dvd/o;"
"http://www.press.sk/dvd/o;"
"http://www.press.sk:80/dvd/o;"
"http://www.press.sk:80/dvd/o;"
"http://www.press.sk/dvd/o;"
"http://www.press.sk:80/dvd/p;"
"http://www.press.sk:80/dvd/p;"
"http://www.press.sk:80/dvd/p;"
"http://www.press.sk:80/dvd/p;"
"http://www.press.sk:80/dvd/p;"
"http://www.press.sk:80/dvd/p;"
"http://www.press.sk:80/dvd/p;"
"http://www.press.sk:80/dvd/p;"
"http://www.press.sk:80/dvd/p;"
"http://www.press.sk:80/dvd/p;"
"http://www.press.sk/e-casopisy/modelar-extra-c.18/;"
"http://www.press.sk:80/e-casopisy/modelar-extra-c.18/;"
"http://www.press.sk:80/e-casopisy/modelar-extra-c.18/;"
"http://www.press.sk:80/e-casopisy/o;"
"http://www.press.sk:80/e-casopisy/o;"
"http://www.press.sk:80/e-casopisy/o;"
"http://www.press.sk:80/e-casopisy/o;"
"http://www.press.sk:80/e-casopisy/o;"
"http://www.press.sk:80/e-casopisy/o;"
"http://www.press.sk:80/e-casopisy/o;"
"http://www.press.sk:80/e-casopisy/o;"
"http://www.press.sk:80/e-casopisy/o;"
"http://www.press.sk:80/e-casopisy/o;"
"http://www.press.sk/e-casopisy/o;"
"http://www.press.sk:80/e-casopisy/o;"
"http://www.press.sk:80/e-casopisy/o;"
"http://www.press.sk:80/e-casopisy/o;"
"http://www.press.sk/e-casopisy/o;"
"http://www.press.sk:80/e-casopisy/o;"
"http://www.press.sk/e-casopisy/o;"
"http://www.press.sk:80/e-casopisy/o;"
"http://www.press.sk/e-knihy/;"
"http://www.press.sk:80/e-knihy/;"
"http://www.press.sk:80/e-knihy/;"
"http://www.press.sk:80/e-knihy/;"
"http://www.press.sk/e-knihy/;"
"http://www.press.sk:80/e-predplatne;"
"http://www.press.sk:80/e-predplatne/;"
"http://www.press.sk:80/e-predplatne/;"
"http://www.press.sk:80/e-predplatne;"
"http://www.press.sk/e-predplatne/modelar-extra-c.18/;"
"http://www.press.sk:80/e-predplatne/modelar-extra-c.18/;"
"http://www.press.sk/e-predplatne/modelar-extra-c.18/;"
"http://www.press.sk/e-predplatne/modelar-extra-c.18/;"
"http://www.press.sk/e-predplatne/o;"
"http://www.press.sk:80/e-predplatne/o;"
"http://www.press.sk:80/e-predplatne/o;"
"http://www.press.sk/e-predplatne/o;"
"http://www.press.sk/e-predplatne/o;"
"http://www.press.sk:80/e-predplatne/o;"
"http://www.press.sk:80/e-predplatne/o;"
"http://www.press.sk/e-predplatne/o;"
"http://www.press.sk/e-predplatne/o;"
"http://www.press.sk/e-predplatne/o;"
"http://www.press.sk/e-predplatne/o;"
"http://www.press.sk:80/e-predplatne/o;"
"http://www.press.sk:80/e-predplatne/o;"
"http://www.press.sk:80/e-predplatne/o;"
"http://www.press.sk:80/e-predplatne/o;"
"http://www.press.sk:80/e-predplatne/o;"
"http://www.press.sk:80/e-predplatne/o;"
"http://www.press.sk/e-predplatne/o;"
"http://www.press.sk/e-predplatne/o;"
"http://www.press.sk/e-predplatne/o;"
"http://www.press.sk/e-predplatne/o;"
"http://www.press.sk/e-predplatne/o;"
"http://www.press.sk/e-predplatne/o;"
"http://www.press.sk:80/e-predplatne/o;"
"http://www.press.sk/e-predplatne/o;"
"http://www.press.sk/e-predplatne/o;"
"http://www.press.sk/e-predplatne/o;"
"http://www.press.sk:80/e-predplatne/o;"
"http://www.press.sk/e-predplatne/o;"
"http://www.press.sk/e-predplatne/o;"
"http://www.press.sk/eaglemoss-publications/o;"
"http://www.press.sk:80/eaglemoss-publications/o;"
"http://www.press.sk/eaglemoss-publications/o;"
"http://www.press.sk:80/eaglemoss-publications/o;"
"http://www.press.sk:80/eaglemoss-publications/o;"
"http://www.press.sk/eaglemoss-publications/o;"
"http://www.press.sk:80/eaglemoss-publications/o;"
"http://www.press.sk/eaglemoss-publications/o;"
"http://www.press.sk:80/eaglemoss-publications/o;"
"http://www.press.sk/eaglemoss-publications/o;"
"http://www.press.sk:80/eaglemoss-publications/o;"
"http://www.press.sk:80/eaglemoss-publications/o;"
"http://www.press.sk/eaglemoss-publications/o;"
"http://www.press.sk:80/eaglemoss-publications/o;"
"http://www.press.sk/eaglemoss-publications/o;"
"http://www.press.sk:80/eaglemoss-publications/o;"
"http://www.press.sk/eaglemoss-publications/o;"
"http://www.press.sk:80/ekonomia-pravo/n;"
"http://www.press.sk:80/ekonomia-pravo/n;"
"http://www.press.sk:80/ekonomia-pravo/n;"
"http://www.press.sk:80/ekonomia-pravo/n;"
"http://www.press.sk:80/ekonomia-pravo/n;"
"http://www.press.sk:80/ekonomia-pravo/n;"
"http://www.press.sk:80/ekonomia-pravo/n;"
"http://www.press.sk:80/ekonomia-pravo/n;"
"http://www.press.sk:80/ekonomia-pravo/n;"
"http://www.press.sk:80/ekonomia-pravo/n;"
"http://www.press.sk:80/ekonomia-pravo/n;"
"http://www.press.sk:80/ekonomia-pravo/n;"
"http://www.press.sk:80/ekonomia-pravo/n;"
"http://www.press.sk:80/ekonomia-pravo/n;"
"http://www.press.sk:80/ekonomia-pravo/n;"
"http://www.press.sk/ekonomia-pravo/o;"
"http://www.press.sk/ekonomia-pravo/o;"
"http://www.press.sk/ekonomia-pravo/o;"
"http://www.press.sk/ekonomia-pravo/o;"
"http://www.press.sk/ekonomia-pravo/o;"
"http://www.press.sk/ekonomia-pravo/o;"
"http://www.press.sk:80/elektronika;"
"http://www.press.sk:80/elektronika/;"
"http://www.press.sk:80/elektronika/;"
"http://www.press.sk:80/elektronika/;"
"http://www.press.sk:80/elektronika/;"
"http://www.press.sk:80/elektronika/;"
"http://www.press.sk:80/elektronika/;"
"http://www.press.sk/elektronika/;"
"http://www.press.sk:80/elektronika/;"
"http://www.press.sk/elektronika/;"
"http://www.press.sk:80/elle;"
"http://www.press.sk:80/elle;"
"http://www.press.sk:80/elle;"
"http://www.press.sk:80/elle;"
"http://www.press.sk:80/elle/;"
"http://www.press.sk:80/elle/;"
"http://www.press.sk:80/elle/;"
"http://www.press.sk/elle/;"
"http://www.press.sk:80/encyklopedie/;"
"http://www.press.sk:80/encyklopedie/;"
"http://www.press.sk:80/encyklopedie/;"
"http://www.press.sk:80/encyklopedie/;"
"http://www.press.sk:80/encyklopedie/;"
"http://www.press.sk:80/encyklopedie/;"
"http://www.press.sk:80/encyklopedie/;"
"http://www.press.sk:80/encyklopedie/;"
"http://www.press.sk/encyklopedie-pre-deti-a-mladez/;"
"http://www.press.sk:80/encyklopedie-ucebnice-slovniky/;"
"http://www.press.sk:80/encyklopedie-ucebnice-slovniky/;"
"http://www.press.sk:80/encyklopedie-ucebnice-slovniky/;"
"http://www.press.sk:80/encyklopedie-ucebnice-slovniky/;"
"http://www.press.sk:80/encyklopedie-ucebnice-slovniky;"
"http://www.press.sk:80/encyklopedie-ucebnice-slovniky/;"
"http://www.press.sk:80/encyklopedie-ucebnice-slovniky;"
"http://www.press.sk:80/encyklopedie-ucebnice-slovniky;"
"http://www.press.sk:80/encyklopedie-ucebnice-slovniky/;"
"http://www.press.sk:80/encyklopedie-ucebnice-slovniky;"
"http://www.press.sk:80/encyklopedie-ucebnice-slovniky/;"
"http://www.press.sk:80/encyklopedie-ucebnice-slovniky/;"
"http://www.press.sk:80/encyklopedie-ucebnice-slovniky;"
"http://www.press.sk:80/encyklopedie-ucebnice-slovniky;"
"http://www.press.sk:80/encyklopedie-ucebnice-slovniky;"
"http://www.press.sk:80/encyklopedie-ucebnice-slovniky/;"
"http://www.press.sk:80/encyklopedie-ucebnice-slovniky/;"
"http://www.press.sk:80/encyklopedie-ucebnice-slovniky/;"
"http://www.press.sk:80/encyklopedie-ucebnice-slovniky/;"
"http://www.press.sk:80/encyklopedie-ucebnice-slovniky/;"
"http://www.press.sk/encyklopedie-ucebnice-slovniky/;"
"http://www.press.sk:80/encyklopedie-ucebnice-slovniky/;"
"http://www.press.sk:80/encyklopedie-ucebnice-slovniky/;"
"http://www.press.sk:80/encyklopedie-ucebnice-slovniky/;"
"http://www.press.sk:80/encyklopedie-ucebnice-slovniky/;"
"http://www.press.sk:80/encyklopedie-ucebnice-slovniky/;"
"http://www.press.sk:80/encyklopedie-ucebnice-slovniky/;"
"http://www.press.sk:80/encyklopedie-ucebnice-slovniky;"
"http://www.press.sk/encyklopedie-ucebnice-slovniky/;"
"http://www.press.sk:80/encyklopedie-ucebnice-slovniky/;"
"http://www.press.sk:80/encyklopedie-ucebnice-slovniky/;"
"http://www.press.sk:80/encyklopedie-ucebnice-slovniky/;"
"http://www.press.sk:80/encyklopedie-ucebnice-slovniky/;"
"http://www.press.sk:80/encyklopedie-ucebnice-slovniky/;"
"http://www.press.sk:80/encyklopedie-ucebnice-slovniky/;"
"http://www.press.sk:80/encyklopedie-ucebnice-slovniky;"
"http://www.press.sk:80/encyklopedie-ucebnice-slovniky;"
"http://www.press.sk:80/encyklopedie-ucebnice-slovniky/;"
"http://www.press.sk:80/encyklopedie-ucebnice-slovniky/;"
"http://www.press.sk:80/encyklopedie-ucebnice-slovniky/;"
"http://www.press.sk:80/encyklopedie-ucebnice-slovniky/;"
"http://www.press.sk:80/encyklopedie-ucebnice-slovniky/;"
"http://www.press.sk:80/encyklopedie-ucebnice-slovniky/;"
"http://www.press.sk:80/encyklopedie-ucebnice-slovniky/;"
"http://www.press.sk:80/encyklopedie-ucebnice-slovniky/;"
"http://www.press.sk:80/encyklopedie-ucebnice-slovniky/;"
"http://www.press.sk/encyklopedie-ucebnice-slovniky/;"
"http://www.press.sk/encyklopedie-ucebnice-slovniky/;"
"http://www.press.sk:80/encyklopedie-ucebnice-slovniky/n;"
"http://www.press.sk:80/encyklopedie-ucebnice-slovniky/n;"
"http://www.press.sk:80/encyklopedie-ucebnice-slovniky/n;"
"http://www.press.sk:80/encyklopedie-ucebnice-slovniky/n;"
"http://www.press.sk:80/encyklopedie-ucebnice-slovniky/n;"
"http://www.press.sk:80/encyklopedie-ucebnice-slovniky/n;"
"http://www.press.sk:80/encyklopedie-ucebnice-slovniky/n;"
"http://www.press.sk:80/encyklopedie-ucebnice-slovniky/n;"
"http://www.press.sk:80/encyklopedie-ucebnice-slovniky/n;"
"http://www.press.sk:80/encyklopedie-ucebnice-slovniky/n;"
"http://www.press.sk:80/encyklopedie-ucebnice-slovniky/n;"
"http://www.press.sk:80/encyklopedie-ucebnice-slovniky/n;"
"http://www.press.sk:80/encyklopedie-ucebnice-slovniky/n;"
"http://www.press.sk:80/encyklopedie-ucebnice-slovniky/n;"
"http://www.press.sk:80/encyklopedie-ucebnice-slovniky/n;"
"http://www.press.sk:80/encyklopedie-ucebnice-slovniky/n;"
"http://www.press.sk:80/encyklopedie-ucebnice-slovniky/n;"
"http://www.press.sk:80/encyklopedie-ucebnice-slovniky/n;"
"http://www.press.sk:80/encyklopedie-ucebnice-slovniky/n;"
"http://www.press.sk:80/encyklopedie-ucebnice-slovniky/n;"
"http://www.press.sk:80/encyklopedie-ucebnice-slovniky/n;"
"http://www.press.sk:80/encyklopedie-ucebnice-slovniky/n;"
"http://www.press.sk:80/encyklopedie-ucebnice-slovniky/n;"
"http://www.press.sk:80/encyklopedie-ucebnice-slovniky/n;"
"http://www.press.sk:80/encyklopedie-ucebnice-slovniky/n;"
"http://www.press.sk:80/encyklopedie-ucebnice-slovniky/n;"
"http://www.press.sk:80/encyklopedie-ucebnice-slovniky/o;"
"http://www.press.sk:80/encyklopedie-ucebnice-slovniky/o;"
"http://www.press.sk/encyklopedie-ucebnice-slovniky/o;"
"http://www.press.sk:80/encyklopedie-ucebnice-slovniky/o;"
"http://www.press.sk:80/encyklopedie-ucebnice-slovniky/o;"
"http://www.press.sk:80/encyklopedie-ucebnice-slovniky/o;"
"http://www.press.sk/encyklopedie-ucebnice-slovniky/o;"
"http://www.press.sk/encyklopedie-ucebnice-slovniky/o;"
"http://www.press.sk/encyklopedie-ucebnice-slovniky/o;"
"http://www.press.sk:80/encyklopedie-ucebnice-slovniky/o;"
"http://www.press.sk/encyklopedie-ucebnice-slovniky/o;"
"http://www.press.sk/encyklopedie-ucebnice-slovniky/o;"
"http://www.press.sk:80/encyklopedie-ucebnice-slovniky/o;"
"http://www.press.sk/encyklopedie-ucebnice-slovniky/o;"
"http://www.press.sk:80/encyklopedie-ucebnice-slovniky/o;"
"http://www.press.sk/encyklopedie-ucebnice-slovniky/o;"
"http://www.press.sk/ezoterika-mystika/;"
"http://www.press.sk:80/film/;"
"http://www.press.sk/film/;"
"http://www.press.sk:80/film-video/;"
"http://www.press.sk:80/film-video;"
"http://www.press.sk:80/film-video;"
"http://www.press.sk:80/film-video;"
"http://www.press.sk:80/film-video/;"
"http://www.press.sk:80/film-video/;"
"http://www.press.sk:80/film-video/;"
"http://www.press.sk:80/film-video/;"
"http://www.press.sk:80/film-video;"
"http://www.press.sk:80/film-video/;"
"http://www.press.sk:80/film-video;"
"http://www.press.sk:80/film-video/;"
"http://www.press.sk:80/film-video/;"
"http://www.press.sk:80/film-video/;"
"http://www.press.sk:80/film-video/;"
"http://www.press.sk:80/film-video/;"
"http://www.press.sk:80/film-video/;"
"http://www.press.sk:80/film-video/;"
"http://www.press.sk:80/film-video/;"
"http://www.press.sk:80/film-video/;"
"http://www.press.sk:80/film-video/;"
"http://www.press.sk/film-video/;"
"http://www.press.sk:80/film-video;"
"http://www.press.sk:80/film-video;"
"http://www.press.sk:80/film-video/;"
"http://www.press.sk:80/film-video;"
"http://www.press.sk:80/film-video/;"
"http://www.press.sk:80/film-video/;"
"http://www.press.sk:80/film-video/;"
"http://www.press.sk:80/film-video;"
"http://www.press.sk:80/film-video/;"
"http://www.press.sk:80/film-video;"
"http://www.press.sk:80/film-video/;"
"http://www.press.sk:80/film-video/;"
"http://www.press.sk:80/film-video/;"
"http://www.press.sk:80/film-video/;"
"http://www.press.sk:80/film-video/;"
"http://www.press.sk:80/film-video/;"
"http://www.press.sk:80/film-video/;"
"http://www.press.sk/film-video/;"
"http://www.press.sk:80/film-video/;"
"http://www.press.sk:80/film-video;"
"http://www.press.sk:80/film-video/;"
"http://www.press.sk:80/film-video;"
"http://www.press.sk:80/film-video/;"
"http://www.press.sk:80/film-video/;"
"http://www.press.sk:80/film-video/;"
"http://www.press.sk/film-video/;"
"http://www.press.sk:80/film-video/o;"
"http://www.press.sk:80/filozofia/;"
"http://www.press.sk:80/filozofia/;"
"http://www.press.sk:80/filozofia/;"
"http://www.press.sk:80/filozofia;"
"http://www.press.sk:80/filozofia/;"
"http://www.press.sk:80/filozofia/;"
"http://www.press.sk:80/filozofia/;"
"http://www.press.sk:80/filozofia/;"
"http://www.press.sk:80/1.-a-2.svetova-vojna/;"
"http://www.press.sk:80/?page=shop.flypage&product_id=3404&category_id=&option=com_phpshop;"
"http://www.press.sk:80/?page=shop.flypage&product_id=3405&category_id=&option=com_phpshop;"
"http://www.press.sk:80/?page=shop.flypage&product_id=3406&category_id=&option=com_phpshop;"
"http://www.press.sk:80/?page=shop.flypage&product_id=3407&category_id=&option=com_phpshop;"
"http://www.press.sk:80/?page=shop.flypage&product_id=3408&category_id=&option=com_phpshop;"
"http://www.press.sk:80/?page=shop.flypage&product_id=3409&category_id=&option=com_phpshop;"
"http://www.press.sk:80/?page=shop.flypage&product_id=3410&category_id=&option=com_phpshop;"
"http://www.press.sk:80/?page=shop.flypage&product_id=3411&category_id=&option=com_phpshop;"
"http://www.press.sk:80/?page=shop.flypage&product_id=3412&category_id=&option=com_phpshop;"
"http://www.press.sk:80/?page=shop.flypage&product_id=3413&category_id=&option=com_phpshop;"
"http://www.press.sk:80/?page=shop.flypage&product_id=3414&category_id=&option=com_phpshop;"
"http://www.press.sk:80/?page=shop.flypage&product_id=3415&category_id=&option=com_phpshop;"
"http://www.press.sk:80/?page=shop.flypage&product_id=3460&category_id=&option=com_phpshop;"
"http://www.press.sk:80/?page=shop.flypage&product_id=3461&category_id=&option=com_phpshop;"
"http://www.press.sk:80/?page=shop.flypage&product_id=3462&category_id=&option=com_phpshop;"
"http://www.press.sk:80/?page=shop.flypage&product_id=3463&category_id=&option=com_phpshop;"
"http://www.press.sk:80/?page=shop.flypage&product_id=3464&category_id=&option=com_phpshop;"
"http://www.press.sk:80/?page=shop.flypage&product_id=3465&category_id=&option=com_phpshop;"
"http://www.press.sk:80/?page=shop.flypage&product_id=3466&category_id=&option=com_phpshop;"
"http://www.press.sk:80/?page=shop.flypage&product_id=3467&category_id=&option=com_phpshop;"
"http://www.press.sk:80/?page=shop.flypage&product_id=3468&category_id=&option=com_phpshop;"
"http://www.press.sk:80/?page=shop.flypage&product_id=3469&category_id=&option=com_phpshop;"
"http://www.press.sk:80/?page=shop.flypage&product_id=3470&category_id=&option=com_phpshop;"
"http://www.press.sk:80/?page=shop.flypage&product_id=3471&category_id=&option=com_phpshop;"
"http://www.press.sk:80/?page=shop.flypage&product_id=3472&category_id=&option=com_phpshop;"
"http://www.press.sk:80/?page=shop.flypage&product_id=3473&category_id=&option=com_phpshop;"
"http://www.press.sk:80/?page=shop.flypage&product_id=3474&category_id=&option=com_phpshop;"
"http://www.press.sk:80/?page=shop.flypage&product_id=3475&category_id=&option=com_phpshop;"
"http://www.press.sk:80/?page=shop.flypage&product_id=3476&category_id=&option=com_phpshop;"
"http://www.press.sk:80/?page=shop.flypage&product_id=3477&category_id=&option=com_phpshop;"
"http://www.press.sk:80/?page=shop.flypage&product_id=3478&category_id=&option=com_phpshop;"
"http://www.press.sk:80/?page=shop.flypage&product_id=3479&category_id=&option=com_phpshop;"
"http://www.press.sk:80/?page=shop.flypage&product_id=3480&category_id=&option=com_phpshop;"
"http://www.press.sk:80/?page=shop.flypage&product_id=3481&category_id=&option=com_phpshop;"
"http://www.press.sk:80/?page=shop.flypage&product_id=3482&category_id=&option=com_phpshop;"
"http://www.press.sk:80/?page=shop.flypage&product_id=3483&category_id=&option=com_phpshop;"
"http://www.press.sk:80/?page=shop.flypage&product_id=3484&category_id=&option=com_phpshop;"
"http://www.press.sk:80/?page=shop.flypage&product_id=3485&category_id=&option=com_phpshop;"
"http://www.press.sk:80/?page=shop.flypage&product_id=3486&category_id=&option=com_phpshop;"
"http://www.press.sk:80/?page=shop.flypage&product_id=3487&category_id=&option=com_phpshop;"
"http://www.press.sk:80/?page=shop.flypage&product_id=3488&category_id=&option=com_phpshop;"
"http://www.press.sk:80/?page=shop.flypage&product_id=3489&category_id=&option=com_phpshop;"
"http://www.press.sk:80/?page=shop.flypage&product_id=3490&category_id=&option=com_phpshop;"
"http://www.press.sk:80/?page=shop.flypage&product_id=3491&category_id=&option=com_phpshop;"
"http://www.press.sk:80/?page=shop.flypage&product_id=3492&category_id=&option=com_phpshop;"
"http://www.press.sk:80/?page=shop.flypage&product_id=3493&category_id=&option=com_phpshop;"
"http://www.press.sk:80/?page=shop.flypage&product_id=3494&category_id=&option=com_phpshop;"
"http://www.press.sk:80/?page=shop.flypage&product_id=3495&category_id=&option=com_phpshop;"
"http://www.press.sk:80/?page=shop.flypage&product_id=3496&category_id=&option=com_phpshop;"
"http://www.press.sk:80/?page=shop.flypage&product_id=3497&category_id=&option=com_phpshop;"
"http://www.press.sk:80/?page=shop.flypage&product_id=3498&category_id=&option=com_phpshop;"
"http://www.press.sk:80/?page=shop.flypage&product_id=3499&category_id=&option=com_phpshop;"
"http://www.press.sk:80/?page=shop.flypage&product_id=3500&category_id=&option=com_phpshop;"
"http://www.press.sk:80/?page=shop.flypage&product_id=3501&category_id=&option=com_phpshop;"
"http://www.press.sk:80/?page=shop.flypage&product_id=3502&category_id=&option=com_phpshop;"
"http://www.press.sk:80/?page=shop.flypage&product_id=3503&category_id=&option=com_phpshop;"
"http://www.press.sk:80/?page=shop.flypage&product_id=3504&category_id=&option=com_phpshop;"
"http://www.press.sk:80/?page=shop.flypage&product_id=3505&category_id=&option=com_phpshop;"
"http://www.press.sk:80/?page=shop.flypage&product_id=3506&category_id=&option=com_phpshop;"
"http://www.press.sk:80/?page=shop.flypage&product_id=3557&category_id=&option=com_phpshop;"
"http://www.press.sk:80/?page=shop.flypage&product_id=3566&category_id=&option=com_phpshop;"
"http://www.press.sk:80/?page=shop.flypage&product_id=3567&category_id=&option=com_phpshop;"
"http://www.press.sk:80/?page=shop.flypage&product_id=3722&category_id=&option=com_phpshop;"
"http://www.press.sk:80/?page=shop.flypage&product_id=3723&category_id=&option=com_phpshop;"
"http://www.press.sk:80/?page=shop.flypage&product_id=3724&category_id=&option=com_phpshop;"
"http://www.press.sk:80/?page=shop.flypage&product_id=3725&category_id=&option=com_phpshop;"
"http://www.press.sk:80/?page=shop.flypage&product_id=3778&category_id=&option=com_phpshop;"
"http://www.press.sk:80/?page=shop.flypage&product_id=3779&category_id=&option=com_phpshop;"
"http://www.press.sk:80/?page=shop.flypage&product_id=3780&category_id=&option=com_phpshop;"
"http://www.press.sk:80/?page=shop.flypage&product_id=3781&category_id=&option=com_phpshop;"
"http://www.press.sk:80/?page=shop.flypage&product_id=3782&category_id=&option=com_phpshop;"
"http://www.press.sk:80/?page=shop.flypage&product_id=3783&category_id=&option=com_phpshop;"
"http://www.press.sk:80/?page=shop.flypage&product_id=3784&category_id=&option=com_phpshop;"
"http://www.press.sk:80/?page=shop.flypage&product_id=3785&category_id=&option=com_phpshop;"
"http://www.press.sk:80/?page=shop.flypage&product_id=3893&category_id=&option=com_phpshop;"
"http://www.press.sk:80/?page=shop.flypage&product_id=3894&category_id=&option=com_phpshop;"
"http://www.press.sk:80/?page=shop.flypage&product_id=3895&category_id=&option=com_phpshop;"
"http://www.press.sk:80/?page=shop.flypage&product_id=3896&category_id=&option=com_phpshop;"
"http://www.press.sk:80/?page=shop.flypage&product_id=3897&category_id=&option=com_phpshop;"
"http://www.press.sk:80/?page=shop.flypage&product_id=3915&category_id=&option=com_phpshop;"
"http://www.press.sk:80/?page=shop.flypage&product_id=3916&category_id=&option=com_phpshop;"
"http://www.press.sk:80/?page=shop.flypage&product_id=3917&category_id=&option=com_phpshop;"
"http://www.press.sk:80/?page=shop.flypage&product_id=3918&category_id=&option=com_phpshop;"
"http://www.press.sk:80/?page=shop.flypage&product_id=3920&category_id=&option=com_phpshop;"
"http://www.press.sk:80/?page=shop.flypage&product_id=3951&category_id=&option=com_phpshop;"
"http://www.press.sk:80/?page=shop.flypage&product_id=3952&category_id=&option=com_phpshop;"
"http://www.press.sk:80/?page=shop.flypage&product_id=3953&category_id=&option=com_phpshop;"
"http://www.press.sk:80/?page=shop.flypage&product_id=3966&category_id=&option=com_phpshop;"
"http://www.press.sk:80/?page=shop.flypage&product_id=3967&category_id=&option=com_phpshop;"
"http://www.press.sk:80/?page=shop.flypage&product_id=3968&category_id=&option=com_phpshop;"
"http://www.press.sk:80/?page=shop.flypage&product_id=3969&category_id=&option=com_phpshop;"
"http://www.press.sk:80/?page=shop.flypage&product_id=3970&category_id=&option=com_phpshop;"
"http://www.press.sk:80/?page=shop.flypage&product_id=3971&category_id=&option=com_phpshop;"
"http://www.press.sk:80/?page=shop.flypage&product_id=3973&category_id=&option=com_phpshop;"
"http://www.press.sk:80/?page=shop.flypage&product_id=85&category_id=&option=com_phpshop;"
"http://press.sk:80/?page=shop.flypage&product_id=3347&category_id=1&option=com_phpshop;"
"http://www.press.sk:80/?page=shop.flypage&product_id=3347&category_id=1&option=com_phpshop;"
"http://www.press.sk:80/?page=shop.flypage&product_id=3347&category_id=1&option=com_phpshop;"
"http://www.press.sk:80/?page=shop.flypage&product_id=3347&category_id=1&option=com_phpshop;"
"http://www.press.sk:80/?page=shop.flypage&product_id=3347&category_id=1&option=com_phpshop;"
"http://press.sk:80/?page=shop.flypage&product_id=3354&category_id=1&option=com_phpshop;"
"http://www.press.sk:80/?page=shop.flypage&product_id=3354&category_id=1&option=com_phpshop;"
"http://www.press.sk:80/?page=shop.flypage&product_id=3354&category_id=1&option=com_phpshop;"
"http://www.press.sk:80/?page=shop.flypage&product_id=3354&category_id=1&option=com_phpshop;"
"http://www.press.sk:80/?page=shop.flypage&product_id=3354&category_id=1&option=com_phpshop;"
"http://www.press.sk:80/?page=shop.flypage&product_id=3372&category_id=1&option=com_phpshop;"
"http://www.press.sk:80/?page=shop.flypage&product_id=3372&category_id=1&option=com_phpshop;"
"http://www.press.sk:80/?page=shop.flypage&product_id=3372&category_id=1&option=com_phpshop;"
"http://www.press.sk:80/?page=shop.flypage&product_id=3372&category_id=1&option=com_phpshop;"
"http://www.press.sk:80/?page=shop.flypage&product_id=3373&category_id=1&option=com_phpshop;"
"http://www.press.sk:80/?page=shop.flypage&product_id=3373&category_id=1&option=com_phpshop;"
"http://www.press.sk:80/?page=shop.flypage&product_id=3373&category_id=1&option=com_phpshop;"
"http://www.press.sk:80/?page=shop.flypage&product_id=3373&category_id=1&option=com_phpshop;"
"http://press.sk:80/?page=shop.flypage&product_id=3374&category_id=1&option=com_phpshop;"
"http://www.press.sk:80/?page=shop.flypage&product_id=3374&category_id=1&option=com_phpshop;"
"http://www.press.sk:80/?page=shop.flypage&product_id=3374&category_id=1&option=com_phpshop;"
"http://www.press.sk:80/?page=shop.flypage&product_id=3374&category_id=1&option=com_phpshop;"
"http://www.press.sk:80/?page=shop.flypage&product_id=3374&category_id=1&option=com_phpshop;"
"http://www.press.sk:80/?page=shop.flypage&product_id=3386&category_id=1&option=com_phpshop;"
"http://www.press.sk:80/?page=shop.flypage&product_id=3386&category_id=1&option=com_phpshop;"
"http://www.press.sk:80/?page=shop.flypage&product_id=3386&category_id=1&option=com_phpshop;"
"http://www.press.sk:80/?page=shop.flypage&product_id=3386&category_id=1&option=com_phpshop;"
"http://press.sk:80/?page=shop.flypage&product_id=3426&category_id=1&option=com_phpshop;"
"http://www.press.sk:80/?page=shop.flypage&product_id=3426&category_id=1&option=com_phpshop;"
"http://www.press.sk:80/?page=shop.flypage&product_id=3426&category_id=1&option=com_phpshop;"
"http://www.press.sk:80/?page=shop.flypage&product_id=3426&category_id=1&option=com_phpshop;"
"http://www.press.sk:80/?page=shop.flypage&product_id=3426&category_id=1&option=com_phpshop;"
"http://press.sk:80/?page=shop.browse&root=10&category_id=101&option=com_phpshop;"
"http://www.press.sk:80/?page=shop.browse&root=10&category_id=101&option=com_phpshop;"
"http://www.press.sk:80/?page=shop.browse&root=10&category_id=101&option=com_phpshop;"
"http://www.press.sk:80/?page=shop.browse&root=10&category_id=101&option=com_phpshop;"
"http://www.press.sk:80/?page=shop.browse&root=10&category_id=101&option=com_phpshop;"
"http://www.press.sk:80/?page=shop.browse&root=10&category_id=101&option=com_phpshop;"
"http://www.press.sk:80/?page=shop.browse&root=103&category_id=104&option=com_phpshop;"
"http://www.press.sk:80/?page=shop.browse&root=103&category_id=105&option=com_phpshop;"
"http://www.press.sk:80/?page=shop.browse&root=103&category_id=106&option=com_phpshop;"
"http://www.press.sk:80/?page=shop.browse&root=103&category_id=107&option=com_phpshop;"
"http://www.press.sk:80/?page=shop.flypage&product_id=1052&category_id=108&option=com_phpshop;"
"http://www.press.sk:80/?page=shop.flypage&product_id=1056&category_id=108&option=com_phpshop;"
"http://www.press.sk:80/?page=shop.flypage&product_id=1106&category_id=108&option=com_phpshop;"
"http://www.press.sk:80/?page=shop.flypage&product_id=1389&category_id=108&option=com_phpshop;"
"http://www.press.sk:80/?page=shop.flypage&product_id=1557&category_id=108&option=com_phpshop;"
"http://www.press.sk:80/?page=shop.flypage&product_id=1582&category_id=108&option=com_phpshop;"
"http://www.press.sk:80/?page=shop.flypage&product_id=1608&category_id=108&option=com_phpshop;"
"http://www.press.sk:80/?page=shop.flypage&product_id=1729&category_id=108&option=com_phpshop;"
"http://www.press.sk:80/?page=shop.flypage&product_id=1886&category_id=108&option=com_phpshop;"
"http://www.press.sk:80/?page=shop.flypage&product_id=1924&category_id=108&option=com_phpshop;"
"http://www.press.sk:80/?page=shop.flypage&product_id=2550&category_id=108&option=com_phpshop;"
"http://www.press.sk:80/?page=shop.flypage&product_id=2861&category_id=108&option=com_phpshop;"
"http://www.press.sk:80/?page=shop.flypage&product_id=2872&category_id=108&option=com_phpshop;"
"http://www.press.sk:80/?page=shop.flypage&product_id=3093&category_id=108&option=com_phpshop;"
"http://www.press.sk:80/?page=shop.flypage&product_id=3152&category_id=108&option=com_phpshop;"
"http://www.press.sk:80/?page=shop.flypage&product_id=3211&category_id=108&option=com_phpshop;"
"http://www.press.sk:80/?page=shop.flypage&product_id=3420&category_id=108&option=com_phpshop;"
"http://www.press.sk:80/?page=shop.flypage&product_id=3443&category_id=108&option=com_phpshop;"
"http://www.press.sk:80/?page=shop.flypage&product_id=3523&category_id=108&option=com_phpshop;"
"http://www.press.sk:80/?page=shop.flypage&product_id=888&category_id=108&option=com_phpshop;"
"http://press.sk:80/?page=shop.browse&root=10&category_id=112&option=com_phpshop;"
"http://www.press.sk:80/?page=shop.browse&root=10&category_id=112&option=com_phpshop;"
"http://www.press.sk:80/?page=shop.browse&root=10&category_id=112&option=com_phpshop;"
"http://www.press.sk:80/?page=shop.browse&root=10&category_id=112&option=com_phpshop;"
"http://www.press.sk:80/?page=shop.browse&root=10&category_id=112&option=com_phpshop;"
"http://www.press.sk:80/?page=shop.browse&root=10&category_id=112&option=com_phpshop;"
"http://www.press.sk:80/?page=shop.flypage&product_id=2333&category_id=113&option=com_phpshop;"
"http://www.press.sk:80/?page=shop.flypage&product_id=2333&category_id=113&option=com_phpshop;"
"http://www.press.sk:80/?page=shop.flypage&product_id=2334&category_id=113&option=com_phpshop;"
"http://www.press.sk:80/?page=shop.flypage&product_id=2334&category_id=113&option=com_phpshop;"
"http://www.press.sk:80/?page=shop.flypage&product_id=3767&category_id=113&option=com_phpshop;"
"http://www.press.sk:80/?page=shop.flypage&product_id=3887&category_id=113&option=com_phpshop;"
"http://www.press.sk:80/?page=shop.flypage&product_id=3888&category_id=113&option=com_phpshop;"
"http://www.press.sk:80/?page=shop.flypage&product_id=3889&category_id=113&option=com_phpshop;"
"http://www.press.sk:80/?page=shop.flypage&product_id=3890&category_id=113&option=com_phpshop;"
"http://www.press.sk:80/?page=shop.flypage&product_id=3892&category_id=113&option=com_phpshop;"
"http://www.press.sk:80/?page=shop.flypage&product_id=3893&category_id=113&option=com_phpshop;"
"http://www.press.sk:80/?page=shop.flypage&product_id=3894&category_id=113&option=com_phpshop;"
"http://www.press.sk:80/?page=shop.flypage&product_id=3914&category_id=113&option=com_phpshop;"
"http://www.press.sk:80/?page=shop.flypage&product_id=3915&category_id=113&option=com_phpshop;"
"http://www.press.sk:80/?page=shop.flypage&product_id=3916&category_id=113&option=com_phpshop;"
"http://www.press.sk:80/?page=shop.flypage&product_id=3951&category_id=113&option=com_phpshop;"
"http://www.press.sk:80/?page=shop.flypage&product_id=3952&category_id=113&option=com_phpshop;"
"http://www.press.sk:80/?page=shop.flypage&product_id=3953&category_id=113&option=com_phpshop;"
"http://www.press.sk:80/?page=shop.flypage&product_id=3954&category_id=113&option=com_phpshop;"
"http://www.press.sk:80/?page=shop.flypage&product_id=3971&category_id=113&option=com_phpshop;"
"http://www.press.sk:80/?page=shop.flypage&product_id=3972&category_id=113&option=com_phpshop;"
"http://www.press.sk:80/?page=shop.flypage&product_id=3973&category_id=113&option=com_phpshop;"
"http://www.press.sk:80/?page=shop.flypage&product_id=956&category_id=113&option=com_phpshop;"
"http://press.sk:80/?page=shop.browse&root=10&category_id=115&option=com_phpshop;"
"http://www.press.sk:80/?page=shop.browse&root=10&category_id=115&option=com_phpshop;"
"http://www.press.sk:80/?page=shop.browse&root=10&category_id=115&option=com_phpshop;"
"http://www.press.sk:80/?page=shop.browse&root=10&category_id=115&option=com_phpshop;"
"http://www.press.sk:80/?page=shop.browse&root=10&category_id=115&option=com_phpshop;"
"http://www.press.sk:80/?page=shop.browse&root=10&category_id=115&option=com_phpshop;"
"http://www.press.sk:80/?page=shop.browse&root=10&category_id=115&option=com_phpshop;"
"http://www.press.sk:80/?page=shop.flypage&product_id=2705&category_id=116&option=com_phpshop;"
"http://www.press.sk:80/?page=shop.flypage&product_id=2706&category_id=116&option=com_phpshop;"
"http://www.press.sk:80/?page=shop.flypage&product_id=2707&category_id=116&option=com_phpshop;"
"http://press.sk:80/?page=shop.browse&root=1&category_id=120&option=com_phpshop;"
"http://www.press.sk:80/?page=shop.browse&root=1&category_id=120&option=com_phpshop;"
"http://www.press.sk:80/?page=shop.browse&root=1&category_id=120&option=com_phpshop;"
"http://www.press.sk:80/?page=shop.browse&root=1&category_id=120&option=com_phpshop;"
"http://www.press.sk:80/?page=shop.browse&root=1&category_id=120&option=com_phpshop;"
"http://press.sk:80/?page=shop.browse&root=10&category_id=121&option=com_phpshop;"
"http://www.press.sk:80/?page=shop.browse&root=10&category_id=121&option=com_phpshop;"
"http://www.press.sk:80/?page=shop.browse&root=10&category_id=121&option=com_phpshop;"
"http://www.press.sk:80/?page=shop.browse&root=10&category_id=121&option=com_phpshop;"
"http://www.press.sk:80/?page=shop.browse&root=10&category_id=121&option=com_phpshop;"
"http://www.press.sk:80/?page=shop.browse&root=10&category_id=121&option=com_phpshop;"
"http://www.press.sk:80/?page=shop.browse&root=10&category_id=121&option=com_phpshop;"
"http://www.press.sk:80/?page=shop.browse&offset=20&category_id=122&keyword=&manufacturer_id=&option=com_phpshop;"
"http://www.press.sk:80/?page=shop.flypage&product_id=3410&category_id=122&option=com_phpshop;"
"http://www.press.sk:80/?page=shop.flypage&product_id=3413&category_id=122&option=com_phpshop;"
"http://www.press.sk:80/?page=shop.flypage&product_id=3416&category_id=122&option=com_phpshop;"
"http://www.press.sk:80/?page=shop.flypage&product_id=3460&category_id=122&option=com_phpshop;"
"http://www.press.sk:80/?page=shop.flypage&product_id=3461&category_id=122&option=com_phpshop;"
"http://www.press.sk:80/?page=shop.flypage&product_id=3468&category_id=122&option=com_phpshop;"
"http://www.press.sk:80/?page=shop.flypage&product_id=3469&category_id=122&option=com_phpshop;"
"http://www.press.sk:80/?page=shop.flypage&product_id=3471&category_id=122&option=com_phpshop;"
"http://www.press.sk:80/?page=shop.flypage&product_id=3472&category_id=122&option=com_phpshop;"
"http://www.press.sk:80/?page=shop.flypage&product_id=3475&category_id=122&option=com_phpshop;"
"http://www.press.sk:80/?page=shop.flypage&product_id=3476&category_id=122&option=com_phpshop;"
"http://www.press.sk:80/?page=shop.flypage&product_id=3487&category_id=122&option=com_phpshop;"
"http://www.press.sk:80/?page=shop.flypage&product_id=3488&category_id=122&option=com_phpshop;"
"http://www.press.sk:80/?page=shop.flypage&product_id=3493&category_id=122&option=com_phpshop;"
"http://www.press.sk:80/?page=shop.flypage&product_id=3497&category_id=122&option=com_phpshop;"
"http://www.press.sk:80/?page=shop.flypage&product_id=3500&category_id=122&option=com_phpshop;"
"http://www.press.sk:80/?page=shop.flypage&product_id=3503&category_id=122&option=com_phpshop;"
"http://www.press.sk:80/?page=shop.flypage&product_id=3506&category_id=122&option=com_phpshop;"
"http://www.press.sk:80/?page=shop.flypage&product_id=3682&category_id=122&option=com_phpshop;"
"http://www.press.sk:80/?page=shop.flypage&product_id=3724&category_id=122&option=com_phpshop;"
"http://www.press.sk:80/?page=shop.browse&root=1&category_id=20&option=com_phpshop;"
"http://press.sk:80/?page=shop.browse&root=1&category_id=20&option=com_phpshop;"
"http://www.press.sk:80/?page=shop.browse&root=1&category_id=20&option=com_phpshop;"
"http://www.press.sk:80/?page=shop.browse&root=1&category_id=20&option=com_phpshop;"
"http://www.press.sk:80/?page=shop.browse&root=1&category_id=20&option=com_phpshop;"
"http://www.press.sk:80/?page=shop.browse&root=1&category_id=20&option=com_phpshop;"
"http://www.press.sk:80/?page=shop.browse&root=1&category_id=29&option=com_phpshop;"
"http://press.sk:80/?page=shop.browse&root=1&category_id=29&option=com_phpshop;"
"http://www.press.sk:80/?page=shop.browse&root=1&category_id=29&option=com_phpshop;"
"http://www.press.sk:80/?page=shop.browse&root=1&category_id=29&option=com_phpshop;"
"http://www.press.sk:80/?page=shop.browse&root=1&category_id=29&option=com_phpshop;"
"http://www.press.sk:80/?page=shop.browse&root=1&category_id=29&option=com_phpshop;"
"http://www.press.sk:80/?page=shop.browse&root=1&category_id=3&option=com_phpshop;"
"http://press.sk:80/?page=shop.browse&root=1&category_id=3&option=com_phpshop;"
"http://www.press.sk:80/?page=shop.browse&root=1&category_id=3&option=com_phpshop;"
"http://www.press.sk:80/?page=shop.browse&root=1&category_id=3&option=com_phpshop;"
"http://www.press.sk:80/?page=shop.browse&root=1&category_id=3&option=com_phpshop;"
"http://www.press.sk:80/?page=shop.browse&root=1&category_id=3&option=com_phpshop;"
"http://www.press.sk:80/?page=shop.flypage&product_id=2331&category_id=35&option=com_phpshop;"
"http://www.press.sk:80/?page=shop.flypage&product_id=3355&category_id=35&option=com_phpshop;"
"http://www.press.sk:80/?page=shop.flypage&product_id=3355&category_id=35&option=com_phpshop;"
"http://www.press.sk:80/?page=shop.flypage&product_id=3356&category_id=35&option=com_phpshop;"
"http://www.press.sk:80/?page=shop.flypage&product_id=3357&category_id=35&option=com_phpshop;"
"http://www.press.sk:80/?page=shop.flypage&product_id=3401&category_id=35&option=com_phpshop;"
"http://www.press.sk:80/?page=shop.flypage&product_id=3401&category_id=35&option=com_phpshop;"
"http://www.press.sk:80/?page=shop.flypage&product_id=3758&category_id=35&option=com_phpshop;"
"http://www.press.sk:80/?page=shop.browse&root=1&category_id=4&option=com_phpshop;"
"http://www.press.sk:80/?page=shop.browse&root=1&category_id=4&option=com_phpshop;"
"http://www.press.sk:80/?page=shop.browse&root=1&category_id=4&option=com_phpshop;"
"http://www.press.sk:80/?page=shop.browse&root=1&category_id=4&option=com_phpshop;"
"http://www.press.sk:80/?page=shop.browse&root=1&category_id=4&option=com_phpshop;"
"http://www.press.sk:80/?page=shop.browse&root=1&category_id=5&option=com_phpshop;"
"http://press.sk:80/?page=shop.browse&root=1&category_id=5&option=com_phpshop;"
"http://www.press.sk:80/?page=shop.browse&root=1&category_id=5&option=com_phpshop;"
"http://www.press.sk:80/?page=shop.browse&root=1&category_id=5&option=com_phpshop;"
"http://www.press.sk:80/?page=shop.browse&root=1&category_id=5&option=com_phpshop;"
"http://www.press.sk:80/?page=shop.browse&root=1&category_id=5&option=com_phpshop;"
"http://www.press.sk:80/?page=shop.browse&offset=20&category_id=51&keyword=&manufacturer_id=&option=com_phpshop;"
"http://www.press.sk:80/?page=shop.browse&offset=20&category_id=51&keyword=&manufacturer_id=&option=com_phpshop;"
"http://www.press.sk:80/?page=shop.browse&root=10&category_id=51&option=com_phpshop;"
"http://www.press.sk:80/?page=shop.browse&root=10&category_id=51&option=com_phpshop;"
"http://www.press.sk:80/?page=shop.browse&root=10&category_id=51&option=com_phpshop;"
"http://www.press.sk:80/?page=shop.browse&root=10&category_id=51&option=com_phpshop;"
"http://www.press.sk:80/?page=shop.browse&root=10&category_id=51&option=com_phpshop;"
"http://press.sk:80/?page=shop.flypage&product_id=2759&category_id=51&option=com_phpshop;"
"http://www.press.sk:80/?page=shop.flypage&product_id=2759&category_id=51&option=com_phpshop;"
"http://www.press.sk:80/?page=shop.flypage&product_id=2759&category_id=51&option=com_phpshop;"
"http://press.sk:80/?page=shop.flypage&product_id=2761&category_id=51&option=com_phpshop;"
"http://www.press.sk:80/?page=shop.flypage&product_id=2761&category_id=51&option=com_phpshop;"
"http://www.press.sk:80/?page=shop.flypage&product_id=2761&category_id=51&option=com_phpshop;"
"http://www.press.sk:80/?page=shop.flypage&product_id=2763&category_id=51&option=com_phpshop;"
"http://www.press.sk:80/?page=shop.flypage&product_id=2763&category_id=51&option=com_phpshop;"
"http://press.sk:80/?page=shop.flypage&product_id=2764&category_id=51&option=com_phpshop;"
"http://www.press.sk:80/?page=shop.flypage&product_id=2764&category_id=51&option=com_phpshop;"
"http://www.press.sk:80/?page=shop.flypage&product_id=2764&category_id=51&option=com_phpshop;"
"http://press.sk:80/?page=shop.flypage&product_id=2777&category_id=51&option=com_phpshop;"
"http://www.press.sk:80/?page=shop.flypage&product_id=2777&category_id=51&option=com_phpshop;"
"http://www.press.sk:80/?page=shop.flypage&product_id=2777&category_id=51&option=com_phpshop;"
"http://press.sk:80/?page=shop.flypage&product_id=2778&category_id=51&option=com_phpshop;"
"http://www.press.sk:80/?page=shop.flypage&product_id=3200&category_id=51&option=com_phpshop;"
"http://www.press.sk:80/?page=shop.flypage&product_id=3200&category_id=51&option=com_phpshop;"
"http://press.sk:80/?page=shop.flypage&product_id=3236&category_id=51&option=com_phpshop;"
"http://www.press.sk:80/?page=shop.flypage&product_id=3236&category_id=51&option=com_phpshop;"
"http://www.press.sk:80/?page=shop.flypage&product_id=3236&category_id=51&option=com_phpshop;"
"http://press.sk:80/?page=shop.flypage&product_id=3335&category_id=51&option=com_phpshop;"
"http://www.press.sk:80/?page=shop.flypage&product_id=3335&category_id=51&option=com_phpshop;"
"http://www.press.sk:80/?page=shop.flypage&product_id=3335&category_id=51&option=com_phpshop;"
"http://press.sk:80/?page=shop.flypage&product_id=3341&category_id=51&option=com_phpshop;"
"http://www.press.sk:80/?page=shop.flypage&product_id=3341&category_id=51&option=com_phpshop;"
"http://www.press.sk:80/?page=shop.flypage&product_id=3341&category_id=51&option=com_phpshop;"
"http://press.sk:80/?page=shop.flypage&product_id=3404&category_id=51&option=com_phpshop;"
"http://www.press.sk:80/?page=shop.flypage&product_id=3404&category_id=51&option=com_phpshop;"
"http://www.press.sk:80/?page=shop.flypage&product_id=3404&category_id=51&option=com_phpshop;"
"http://press.sk:80/?page=shop.flypage&product_id=3405&category_id=51&option=com_phpshop;"
"http://www.press.sk:80/?page=shop.flypage&product_id=3405&category_id=51&option=com_phpshop;"
"http://www.press.sk:80/?page=shop.flypage&product_id=3405&category_id=51&option=com_phpshop;"
"http://press.sk:80/?page=shop.flypage&product_id=3406&category_id=51&option=com_phpshop;"
"http://www.press.sk:80/?page=shop.flypage&product_id=3406&category_id=51&option=com_phpshop;"
"http://www.press.sk:80/?page=shop.flypage&product_id=3406&category_id=51&option=com_phpshop;"
"http://press.sk:80/?page=shop.flypage&product_id=3412&category_id=51&option=com_phpshop;"
"http://www.press.sk:80/?page=shop.flypage&product_id=3412&category_id=51&option=com_phpshop;"
"http://www.press.sk:80/?page=shop.flypage&product_id=3412&category_id=51&option=com_phpshop;"
"http://press.sk:80/?page=shop.flypage&product_id=3413&category_id=51&option=com_phpshop;"
"http://www.press.sk:80/?page=shop.flypage&product_id=3413&category_id=51&option=com_phpshop;"
"http://www.press.sk:80/?page=shop.flypage&product_id=3413&category_id=51&option=com_phpshop;"
"http://press.sk:80/?page=shop.flypage&product_id=3414&category_id=51&option=com_phpshop;"
"http://www.press.sk:80/?page=shop.flypage&product_id=3414&category_id=51&option=com_phpshop;"
"http://www.press.sk:80/?page=shop.flypage&product_id=3414&category_id=51&option=com_phpshop;"
"http://www.press.sk:80/?page=shop.flypage&product_id=3415&category_id=51&option=com_phpshop;"
"http://www.press.sk:80/?page=shop.flypage&product_id=3415&category_id=51&option=com_phpshop;"
"http://press.sk:80/?page=shop.flypage&product_id=3416&category_id=51&option=com_phpshop;"
"http://www.press.sk:80/?page=shop.flypage&product_id=3416&category_id=51&option=com_phpshop;"
"http://press.sk:80/?page=shop.flypage&product_id=3436&category_id=51&option=com_phpshop;"
"http://www.press.sk:80/?page=shop.flypage&product_id=3557&category_id=51&option=com_phpshop;"
"http://www.press.sk:80/?page=shop.flypage&product_id=3557&category_id=51&option=com_phpshop;"
"http://www.press.sk:80/?page=shop.flypage&product_id=3567&category_id=51&option=com_phpshop;"
"http://www.press.sk:80/?page=shop.flypage&product_id=3567&category_id=51&option=com_phpshop;"
"http://www.press.sk:80/?page=shop.flypage&product_id=3609&category_id=51&option=com_phpshop;"
"http://www.press.sk:80/?page=shop.flypage&product_id=3609&category_id=51&option=com_phpshop;"
"http://www.press.sk:80/?page=shop.flypage&product_id=3868&category_id=51&option=com_phpshop;"
"http://press.sk:80/?page=shop.browse&root=10&category_id=58&option=com_phpshop;"
"http://www.press.sk:80/?page=shop.browse&root=10&category_id=58&option=com_phpshop;"
"http://www.press.sk:80/?page=shop.browse&root=10&category_id=58&option=com_phpshop;"
"http://www.press.sk:80/?page=shop.browse&root=10&category_id=58&option=com_phpshop;"
"http://www.press.sk:80/?page=shop.browse&root=10&category_id=58&option=com_phpshop;"
"http://www.press.sk:80/?page=shop.browse&root=10&category_id=58&option=com_phpshop;"
"http://www.press.sk:80/?page=shop.browse&root=10&category_id=58&option=com_phpshop;"
"http://www.press.sk:80/?page=shop.browse&offset=20&category_id=6&keyword=&manufacturer_id=&option=com_phpshop;"
"http://www.press.sk:80/?page=shop.browse&root=1&category_id=6&option=com_phpshop;"
"http://press.sk:80/?page=shop.browse&root=1&category_id=6&option=com_phpshop;"
"http://www.press.sk:80/?page=shop.browse&root=1&category_id=6&option=com_phpshop;"
"http://www.press.sk:80/?page=shop.browse&root=1&category_id=6&option=com_phpshop;"
"http://www.press.sk:80/?page=shop.browse&root=1&category_id=6&option=com_phpshop;"
"http://www.press.sk:80/?page=shop.browse&root=1&category_id=6&option=com_phpshop;"
"http://www.press.sk:80/?page=shop.flypage&product_id=1481&category_id=6&option=com_phpshop;"
"http://www.press.sk:80/?page=shop.flypage&product_id=2000&category_id=6&option=com_phpshop;"
"http://www.press.sk:80/?page=shop.flypage&product_id=223&category_id=6&option=com_phpshop;"
"http://www.press.sk:80/?page=shop.flypage&product_id=224&category_id=6&option=com_phpshop;"
"http://www.press.sk:80/?page=shop.flypage&product_id=2418&category_id=6&option=com_phpshop;"
"http://www.press.sk:80/?page=shop.flypage&product_id=2771&category_id=6&option=com_phpshop;"
"http://www.press.sk:80/?page=shop.flypage&product_id=2943&category_id=6&option=com_phpshop;"
"http://www.press.sk:80/?page=shop.flypage&product_id=3603&category_id=6&option=com_phpshop;"
"http://www.press.sk:80/?page=shop.flypage&product_id=3604&category_id=6&option=com_phpshop;"
"http://www.press.sk:80/?page=shop.flypage&product_id=3606&category_id=6&option=com_phpshop;"
"http://www.press.sk:80/?page=shop.flypage&product_id=3607&category_id=6&option=com_phpshop;"
"http://www.press.sk:80/?page=shop.flypage&product_id=3608&category_id=6&option=com_phpshop;"
"http://www.press.sk:80/?page=shop.flypage&product_id=3610&category_id=6&option=com_phpshop;"
"http://www.press.sk:80/?page=shop.flypage&product_id=3611&category_id=6&option=com_phpshop;"
"http://www.press.sk:80/?page=shop.flypage&product_id=3614&category_id=6&option=com_phpshop;"
"http://www.press.sk:80/?page=shop.flypage&product_id=3615&category_id=6&option=com_phpshop;"
"http://www.press.sk:80/?page=shop.flypage&product_id=3616&category_id=6&option=com_phpshop;"
"http://www.press.sk:80/?page=shop.flypage&product_id=3618&category_id=6&option=com_phpshop;"
"http://www.press.sk:80/?page=shop.flypage&product_id=948&category_id=6&option=com_phpshop;"
"http://www.press.sk:80/?page=shop.flypage&product_id=957&category_id=6&option=com_phpshop;"
"http://press.sk:80/?page=shop.browse&root=10&category_id=63&option=com_phpshop;"
"http://www.press.sk:80/?page=shop.browse&root=10&category_id=63&option=com_phpshop;"
"http://www.press.sk:80/?page=shop.browse&root=10&category_id=63&option=com_phpshop;"
"http://www.press.sk:80/?page=shop.browse&root=10&category_id=63&option=com_phpshop;"
"http://www.press.sk:80/?page=shop.browse&root=10&category_id=63&option=com_phpshop;"
"http://www.press.sk:80/?page=shop.browse&root=10&category_id=63&option=com_phpshop;"
"http://www.press.sk:80/?page=shop.browse&root=10&category_id=63&option=com_phpshop;"
"http://press.sk:80/?page=shop.browse&root=10&category_id=66&option=com_phpshop;"
"http://www.press.sk:80/?page=shop.browse&root=10&category_id=66&option=com_phpshop;"
"http://www.press.sk:80/?page=shop.browse&root=10&category_id=66&option=com_phpshop;"
"http://www.press.sk:80/?page=shop.browse&root=10&category_id=66&option=com_phpshop;"
"http://www.press.sk:80/?page=shop.browse&root=10&category_id=66&option=com_phpshop;"
"http://www.press.sk:80/?page=shop.browse&root=10&category_id=66&option=com_phpshop;"
"http://www.press.sk:80/?page=shop.browse&root=10&category_id=66&option=com_phpshop;"
"http://www.press.sk:80/?page=shop.browse&offset=20&category_id=67&keyword=&manufacturer_id=&option=com_phpshop;"
"http://www.press.sk:80/?page=shop.flypage&product_id=1500&category_id=67&option=com_phpshop;"
"http://www.press.sk:80/?page=shop.flypage&product_id=1501&category_id=67&option=com_phpshop;"
"http://www.press.sk:80/?page=shop.flypage&product_id=1525&category_id=67&option=com_phpshop;"
"http://www.press.sk:80/?page=shop.flypage&product_id=1526&category_id=67&option=com_phpshop;"
"http://www.press.sk:80/?page=shop.flypage&product_id=2022&category_id=67&option=com_phpshop;"
"http://www.press.sk:80/?page=shop.flypage&product_id=2196&category_id=67&option=com_phpshop;"
"http://www.press.sk:80/?page=shop.flypage&product_id=2285&category_id=67&option=com_phpshop;"
"http://www.press.sk:80/?page=shop.flypage&product_id=2379&category_id=67&option=com_phpshop;"
"http://www.press.sk:80/?page=shop.flypage&product_id=2572&category_id=67&option=com_phpshop;"
"http://www.press.sk:80/?page=shop.flypage&product_id=2948&category_id=67&option=com_phpshop;"
"http://www.press.sk:80/?page=shop.flypage&product_id=3065&category_id=67&option=com_phpshop;"
"http://www.press.sk:80/?page=shop.flypage&product_id=3261&category_id=67&option=com_phpshop;"
"http://www.press.sk:80/?page=shop.flypage&product_id=3362&category_id=67&option=com_phpshop;"
"http://www.press.sk:80/?page=shop.flypage&product_id=3678&category_id=67&option=com_phpshop;"
"http://www.press.sk:80/?page=shop.flypage&product_id=3683&category_id=67&option=com_phpshop;"
"http://www.press.sk:80/?page=shop.flypage&product_id=410&category_id=67&option=com_phpshop;"
"http://www.press.sk:80/?page=shop.flypage&product_id=500&category_id=67&option=com_phpshop;"
"http://www.press.sk:80/?page=shop.flypage&product_id=730&category_id=67&option=com_phpshop;"
"http://www.press.sk:80/?page=shop.flypage&product_id=731&category_id=67&option=com_phpshop;"
"http://www.press.sk:80/?page=shop.flypage&product_id=789&category_id=67&option=com_phpshop;"
"http://www.press.sk:80/?page=shop.browse&root=1&category_id=7&option=com_phpshop;"
"http://press.sk:80/?page=shop.browse&root=1&category_id=7&option=com_phpshop;"
"http://www.press.sk:80/?page=shop.browse&root=1&category_id=7&option=com_phpshop;"
"http://www.press.sk:80/?page=shop.browse&root=1&category_id=7&option=com_phpshop;"
"http://www.press.sk:80/?page=shop.browse&root=1&category_id=7&option=com_phpshop;"
"http://www.press.sk:80/?page=shop.browse&root=1&category_id=7&option=com_phpshop;"
"http://press.sk:80/?page=shop.browse&root=10&category_id=73&option=com_phpshop;"
"http://www.press.sk:80/?page=shop.browse&root=10&category_id=73&option=com_phpshop;"
"http://www.press.sk:80/?page=shop.browse&root=10&category_id=73&option=com_phpshop;"
"http://www.press.sk:80/?page=shop.browse&root=10&category_id=73&option=com_phpshop;"
"http://www.press.sk:80/?page=shop.browse&root=10&category_id=73&option=com_phpshop;"
"http://www.press.sk:80/?page=shop.browse&root=10&category_id=73&option=com_phpshop;"
"http://www.press.sk:80/?page=shop.browse&root=10&category_id=73&option=com_phpshop;"
"http://www.press.sk:80/?page=shop.browse&root=1&category_id=8&option=com_phpshop;"
"http://press.sk:80/?page=shop.browse&root=1&category_id=8&option=com_phpshop;"
"http://www.press.sk:80/?page=shop.browse&root=1&category_id=8&option=com_phpshop;"
"http://www.press.sk:80/?page=shop.browse&root=1&category_id=8&option=com_phpshop;"
"http://www.press.sk:80/?page=shop.browse&root=1&category_id=8&option=com_phpshop;"
"http://www.press.sk:80/?page=shop.browse&root=1&category_id=8&option=com_phpshop;"
"http://press.sk:80/?page=shop.browse&root=10&category_id=80&option=com_phpshop;"
"http://www.press.sk:80/?page=shop.browse&root=10&category_id=80&option=com_phpshop;"
"http://www.press.sk:80/?page=shop.browse&root=10&category_id=80&option=com_phpshop;"
"http://www.press.sk:80/?page=shop.browse&root=10&category_id=80&option=com_phpshop;"
"http://www.press.sk:80/?page=shop.browse&root=10&category_id=80&option=com_phpshop;"
"http://www.press.sk:80/?page=shop.browse&root=10&category_id=80&option=com_phpshop;"
"http://www.press.sk:80/?page=shop.browse&root=10&category_id=87&option=com_phpshop;"
"http://www.press.sk:80/?page=shop.browse&root=10&category_id=87&option=com_phpshop;"
"http://www.press.sk:80/?page=shop.browse&root=10&category_id=87&option=com_phpshop;"
"http://www.press.sk:80/?page=shop.browse&root=10&category_id=87&option=com_phpshop;"
"http://www.press.sk:80/?page=shop.browse&root=10&category_id=87&option=com_phpshop;"
"http://www.press.sk:80/?page=shop.browse&category_id=9&keyword=&offset=0&manufacturer_id=&option=com_phpshop;"
"http://www.press.sk:80/?page=shop.browse&category_id=9&keyword=&offset=0&manufacturer_id=&option=com_phpshop;"
"http://www.press.sk:80/?page=shop.browse&offset=20&category_id=9&keyword=&manufacturer_id=&option=com_phpshop;"
"http://www.press.sk:80/?page=shop.browse&offset=40&category_id=9&keyword=&manufacturer_id=&option=com_phpshop;"
"http://www.press.sk:80/?page=shop.browse&offset=40&category_id=9&keyword=&manufacturer_id=&option=com_phpshop;"
"http://www.press.sk:80/?page=shop.browse&root=1&category_id=9&option=com_phpshop;"
"http://press.sk:80/?page=shop.browse&root=1&category_id=9&option=com_phpshop;"
"http://www.press.sk:80/?page=shop.browse&root=1&category_id=9&option=com_phpshop;"
"http://www.press.sk:80/?page=shop.browse&root=1&category_id=9&option=com_phpshop;"
"http://www.press.sk:80/?page=shop.browse&root=1&category_id=9&option=com_phpshop;"
"http://www.press.sk:80/?page=shop.browse&root=1&category_id=9&option=com_phpshop;"
"http://www.press.sk:80/?page=shop.flypage&product_id=1173&category_id=9&option=com_phpshop;"
"http://www.press.sk:80/?page=shop.flypage&product_id=1174&category_id=9&option=com_phpshop;"
"http://www.press.sk:80/?page=shop.flypage&product_id=1174&category_id=9&option=com_phpshop;"
"http://www.press.sk:80/?page=shop.flypage&product_id=12&category_id=9&option=com_phpshop;"
"http://www.press.sk:80/?page=shop.flypage&product_id=13&category_id=9&option=com_phpshop;"
"http://www.press.sk:80/?page=shop.flypage&product_id=1472&category_id=9&option=com_phpshop;"
"http://www.press.sk:80/?page=shop.flypage&product_id=1712&category_id=9&option=com_phpshop;"
"http://www.press.sk:80/?page=shop.flypage&product_id=1712&category_id=9&option=com_phpshop;"
"http://www.press.sk:80/?page=shop.flypage&product_id=1715&category_id=9&option=com_phpshop;"
"http://www.press.sk:80/?page=shop.flypage&product_id=1715&category_id=9&option=com_phpshop;"
"http://www.press.sk:80/?page=shop.flypage&product_id=191&category_id=9&option=com_phpshop;"
"http://www.press.sk:80/?page=shop.flypage&product_id=191&category_id=9&option=com_phpshop;"
"http://www.press.sk:80/?page=shop.flypage&product_id=20&category_id=9&option=com_phpshop;"
"http://www.press.sk:80/?page=shop.flypage&product_id=21&category_id=9&option=com_phpshop;"
"http://www.press.sk:80/?page=shop.flypage&product_id=237&category_id=9&option=com_phpshop;"
"http://www.press.sk:80/?page=shop.flypage&product_id=2412&category_id=9&option=com_phpshop;"
"http://www.press.sk:80/?page=shop.flypage&product_id=2412&category_id=9&option=com_phpshop;"
"http://www.press.sk:80/?page=shop.flypage&product_id=2416&category_id=9&option=com_phpshop;"
"http://www.press.sk:80/?page=shop.flypage&product_id=2445&category_id=9&option=com_phpshop;"
"http://www.press.sk:80/?page=shop.flypage&product_id=2445&category_id=9&option=com_phpshop;"
"http://www.press.sk:80/?page=shop.flypage&product_id=2603&category_id=9&option=com_phpshop;"
"http://www.press.sk:80/?page=shop.flypage&product_id=2657&category_id=9&option=com_phpshop;"
"http://www.press.sk:80/?page=shop.flypage&product_id=2657&category_id=9&option=com_phpshop;"
"http://www.press.sk:80/?page=shop.flypage&product_id=2658&category_id=9&option=com_phpshop;"
"http://www.press.sk:80/?page=shop.flypage&product_id=2659&category_id=9&option=com_phpshop;"
"http://www.press.sk:80/?page=shop.flypage&product_id=2697&category_id=9&option=com_phpshop;"
"http://www.press.sk:80/?page=shop.flypage&product_id=2698&category_id=9&option=com_phpshop;"
"http://www.press.sk:80/?page=shop.flypage&product_id=2708&category_id=9&option=com_phpshop;"
"http://www.press.sk:80/?page=shop.flypage&product_id=2708&category_id=9&option=com_phpshop;"
"http://www.press.sk:80/?page=shop.flypage&product_id=2714&category_id=9&option=com_phpshop;"
"http://www.press.sk:80/?page=shop.flypage&product_id=2818&category_id=9&option=com_phpshop;"
"http://www.press.sk:80/?page=shop.flypage&product_id=2830&category_id=9&option=com_phpshop;"
"http://www.press.sk:80/?page=shop.flypage&product_id=29&category_id=9&option=com_phpshop;"
"http://www.press.sk:80/?page=shop.flypage&product_id=29&category_id=9&option=com_phpshop;"
"http://www.press.sk:80/?page=shop.flypage&product_id=30&category_id=9&option=com_phpshop;"
"http://www.press.sk:80/?page=shop.flypage&product_id=30&category_id=9&option=com_phpshop;"
"http://www.press.sk:80/?page=shop.flypage&product_id=3123&category_id=9&option=com_phpshop;"
"http://www.press.sk:80/?page=shop.flypage&product_id=3123&category_id=9&option=com_phpshop;"
"http://www.press.sk:80/?page=shop.flypage&product_id=3124&category_id=9&option=com_phpshop;"
"http://www.press.sk:80/?page=shop.flypage&product_id=3124&category_id=9&option=com_phpshop;"
"http://www.press.sk:80/?page=shop.flypage&product_id=3161&category_id=9&option=com_phpshop;"
"http://www.press.sk:80/?page=shop.flypage&product_id=3172&category_id=9&option=com_phpshop;"
"http://www.press.sk:80/?page=shop.flypage&product_id=3543&category_id=9&option=com_phpshop;"
"http://www.press.sk:80/?page=shop.flypage&product_id=3681&category_id=9&option=com_phpshop;"
"http://www.press.sk:80/?page=shop.flypage&product_id=3681&category_id=9&option=com_phpshop;"
"http://www.press.sk:80/?page=shop.flypage&product_id=43&category_id=9&option=com_phpshop;"
"http://www.press.sk:80/?page=shop.flypage&product_id=43&category_id=9&option=com_phpshop;"
"http://www.press.sk:80/?page=shop.flypage&product_id=445&category_id=9&option=com_phpshop;"
"http://www.press.sk:80/?page=shop.flypage&product_id=445&category_id=9&option=com_phpshop;"
"http://www.press.sk:80/?page=shop.flypage&product_id=445&category_id=9&option=com_phpshop;"
"http://www.press.sk:80/?page=shop.flypage&product_id=47&category_id=9&option=com_phpshop;"
"http://www.press.sk:80/?page=shop.flypage&product_id=47&category_id=9&option=com_phpshop;"
"http://www.press.sk:80/?page=shop.flypage&product_id=54&category_id=9&option=com_phpshop;"
"http://www.press.sk:80/?page=shop.flypage&product_id=59&category_id=9&option=com_phpshop;"
"http://www.press.sk:80/?page=shop.flypage&product_id=59&category_id=9&option=com_phpshop;"
"http://www.press.sk:80/?page=shop.flypage&product_id=742&category_id=9&option=com_phpshop;"
"http://www.press.sk:80/?page=shop.flypage&product_id=742&category_id=9&option=com_phpshop;"
"http://www.press.sk:80/?page=shop.flypage&product_id=889&category_id=9&option=com_phpshop;"
"http://www.press.sk:80/?page=shop.flypage&product_id=889&category_id=9&option=com_phpshop;"
"http://press.sk:80/?page=shop.browse&root=10&category_id=91&option=com_phpshop;"
"http://www.press.sk:80/?page=shop.browse&root=10&category_id=91&option=com_phpshop;"
"http://www.press.sk:80/?page=shop.browse&root=10&category_id=91&option=com_phpshop;"
"http://www.press.sk:80/?page=shop.browse&root=10&category_id=91&option=com_phpshop;"
"http://www.press.sk:80/?page=shop.browse&root=10&category_id=91&option=com_phpshop;"
"http://www.press.sk:80/?page=shop.browse&root=10&category_id=91&option=com_phpshop;"
"http://www.press.sk:80/?page=shop.browse&root=10&category_id=91&option=com_phpshop;"
"http://www.press.sk:80/akcie/;"
"http://www.press.sk:80/article_info.php?cArticlePath=7_8&articles_id=6;"
"http://www.press.sk:80/atlasy-a-mapy/;"
