"original_url","wayback_url","timestamp","type","products_found"
"a","https://web.archive.org/web/20170114050629/http://www.press.sk:80/kouzelna-sbirka-pohadek+284/","20170114050629","LISTING","0"
"a","https://web.archive.org/web/20170315212915/http://www.press.sk:80/kouzelna-sbirka-pohadek+284/","20170315212915","LISTING","0"
"a","https://web.archive.org/web/20170516113756/http://www.press.sk:80/kouzelna-sbirka-pohadek+284/","20170516113756","LISTING","0"
"a","https://web.archive.org/web/20170606032635/http://www.press.sk/kouzelna-sbirka-pohadek+284/","20170606032635","LISTING","0"
"a","https://web.archive.org/web/20170113220240/http://www.press.sk:80/kultovni-lokomotivy+282/","20170113220240","LISTING","0"
"a","https://web.archive.org/web/20170315212920/http://www.press.sk:80/kultovni-lokomotivy+282/","20170315212920","LISTING","0"
"a","https://web.archive.org/web/20170516122406/http://www.press.sk:80/kultovni-lokomotivy+282/","20170516122406","LISTING","0"
"a","https://web.archive.org/web/20170606110027/http://www.press.sk/kultovni-lokomotivy+282/","20170606110027","LISTING","0"
"a","https://web.archive.org/web/20140707071324/http://www.press.sk:80/najdene-produkty/?","20140707071324","LISTING","0"
"a","https://web.archive.org/web/20140824061404/http://www.press.sk:80/najdene-produkty/?","20140824061404","LISTING","0"
"a","https://web.archive.org/web/20210427000859/https://www.press.sk/najdene-produkty/,a,16,,v%C4%8Dela/","20210427000859","LISTING","0"
"a","https://web.archive.org/web/20210427000900/https://www.press.sk/najdene-produkty/,a,16,,v%C4%8Dela/","20210427000900","LISTING","0"
"a","https://web.archive.org/web/20110925180455/http://www.press.sk:80/najdene-produkty/,a,30,30,,poirot","20110925180455","LISTING","0"
"a","https://web.archive.org/web/20111026020517/http://www.press.sk:80/najdene-produkty/,a,30,30,,poirot","20111026020517","LISTING","0"
"a","https://web.archive.org/web/20111125204634/http://www.press.sk:80/najdene-produkty/,a,30,30,,poirot","20111125204634","LISTING","0"
"a","https://web.archive.org/web/20111227012907/http://www.press.sk:80/najdene-produkty/,a,30,30,,poirot","20111227012907","LISTING","0"
"a","https://web.archive.org/web/20120129185247/http://www.press.sk:80/najdene-produkty/,a,30,30,,poirot","20120129185247","LISTING","0"
"a","https://web.archive.org/web/20120229161758/http://www.press.sk:80/najdene-produkty/,a,30,30,,poirot","20120229161758","LISTING","0"
"a","https://web.archive.org/web/20120419212029/http://www.press.sk:80/najdene-produkty/,a,30,30,,poirot","20120419212029","LISTING","0"
"a","https://web.archive.org/web/20120627012423/http://www.press.sk:80/najdene-produkty/,a,30,30,,poirot","20120627012423","LISTING","0"
"a","https://web.archive.org/web/20120815060458/http://www.press.sk:80/najdene-produkty/,a,30,30,,poirot","20120815060458","LISTING","0"
"a","https://web.archive.org/web/20121113223318/http://www.press.sk:80/najdene-produkty/,a,30,30,,poirot","20121113223318","LISTING","0"
"a","https://web.archive.org/web/20121231073646/http://www.press.sk:80/najdene-produkty/,a,30,30,,poirot","20121231073646","LISTING","0"
"a","https://web.archive.org/web/20130529021929/http://www.press.sk:80/najdene-produkty/,a,30,30,,poirot","20130529021929","LISTING","0"
"a","https://web.archive.org/web/20151003021050/http://www.press.sk:80/najdene-produkty/,a,30,30,,tanky","20151003021050","LISTING","0"
"a","https://web.archive.org/web/20151103000845/http://www.press.sk:80/najdene-produkty/,a,30,30,,tanky","20151103000845","LISTING","0"
"a","https://web.archive.org/web/20160402025253/http://www.press.sk:80/najdene-produkty/,a,30,30,,tanky","20160402025253","LISTING","0"
"a","https://web.archive.org/web/20160512125022/http://www.press.sk:80/najdene-produkty/,a,30,30,,tanky","20160512125022","LISTING","0"
"a","https://web.archive.org/web/20151003021102/http://www.press.sk:80/najdene-produkty/,a,30,60,,tanky","20151003021102","LISTING","0"
"a","https://web.archive.org/web/20151103000907/http://www.press.sk:80/najdene-produkty/,a,30,60,,tanky","20151103000907","LISTING","0"
"a","https://web.archive.org/web/20160404020930/http://www.press.sk:80/najdene-produkty/,a,30,60,,tanky","20160404020930","LISTING","0"
"a","https://web.archive.org/web/20160514180139/http://www.press.sk:80/najdene-produkty/,a,30,60,,tanky","20160514180139","LISTING","0"
"a","https://web.archive.org/web/20230311055259/https://www.press.sk/najdene-produkty/chalup%C3%A1r/","20230311055259","LISTING","0"
"a","https://web.archive.org/web/20230311055258/https://www.press.sk/najdene-produkty/moderni%20v%C4%8Delar/","20230311055258","LISTING","0"
"a","https://web.archive.org/web/20160820061229/http://www.press.sk:80/najdene-produkty/n,a,100,,flak","20160820061229","LISTING","0"
"a","https://web.archive.org/web/20160920181606/http://www.press.sk:80/najdene-produkty/n,a,100,,flak","20160920181606","LISTING","0"
"a","https://web.archive.org/web/20161023055726/http://www.press.sk:80/najdene-produkty/n,a,100,,flak","20161023055726","LISTING","0"
"a","https://web.archive.org/web/20100830163048/http://www.press.sk:80/najdene-produkty/n,a,30,,atlas","20100830163048","LISTING","0"
"a","https://web.archive.org/web/20101002125800/http://www.press.sk:80/najdene-produkty/n,a,30,,atlas","20101002125800","LISTING","0"
"a","https://web.archive.org/web/20110523094520/http://www.press.sk:80/najdene-produkty/n,a,30,,bitvy+historie/","20110523094520","LISTING","0"
"a","https://web.archive.org/web/20110912092427/http://www.press.sk:80/najdene-produkty/n,a,30,,bitvy+historie/","20110912092427","LISTING","0"
"a","https://web.archive.org/web/20091219184749/http://www.press.sk:80/najdene-produkty/n,a,30,,burda","20091219184749","LISTING","0"
"a","https://web.archive.org/web/20100102195722/http://www.press.sk:80/najdene-produkty/n,a,30,,burda/","20100102195722","LISTING","0"
"a","https://web.archive.org/web/20110420173323/http://www.press.sk:80/najdene-produkty/n,a,30,,drobnosti/","20110420173323","LISTING","0"
"a","https://web.archive.org/web/20110912013050/http://www.press.sk:80/najdene-produkty/n,a,30,,drobnosti/","20110912013050","LISTING","0"
"a","https://web.archive.org/web/20110418195403/http://www.press.sk:80/najdene-produkty/n,a,30,,dukl/","20110418195403","LISTING","0"
"a","https://web.archive.org/web/20110912084613/http://www.press.sk:80/najdene-produkty/n,a,30,,dukl/","20110912084613","LISTING","0"
"a","https://web.archive.org/web/20110418203215/http://www.press.sk:80/najdene-produkty/n,a,30,,kouzelne","20110418203215","LISTING","0"
"a","https://web.archive.org/web/20110423184912/http://www.press.sk:80/najdene-produkty/n,a,30,,kouzelne/","20110423184912","LISTING","0"
"a","https://web.archive.org/web/20110520151917/http://www.press.sk:80/najdene-produkty/n,a,30,,kouzelne","20110520151917","LISTING","0"
"a","https://web.archive.org/web/20110622194746/http://www.press.sk:80/najdene-produkty/n,a,30,,kouzelne","20110622194746","LISTING","0"
"a","https://web.archive.org/web/20110826080213/http://www.press.sk:80/najdene-produkty/n,a,30,,kouzelne","20110826080213","LISTING","0"
"a","https://web.archive.org/web/20110912075956/http://www.press.sk:80/najdene-produkty/n,a,30,,kouzelne/","20110912075956","LISTING","0"
"a","https://web.archive.org/web/20110912103120/http://www.press.sk:80/najdene-produkty/n,a,30,,kouzelne","20110912103120","LISTING","0"
"a","https://web.archive.org/web/20100824055339/http://www.press.sk:80/najdene-produkty/n,a,30,,monk/","20100824055339","LISTING","0"
"a","https://web.archive.org/web/20110514205531/http://www.press.sk:80/najdene-produkty/n,a,30,,operace/","20110514205531","LISTING","0"
"a","https://web.archive.org/web/20110715074737/http://www.press.sk:80/najdene-produkty/n,a,30,,operace/","20110715074737","LISTING","0"
"a","https://web.archive.org/web/20110913215540/http://www.press.sk:80/najdene-produkty/n,a,30,,operace/","20110913215540","LISTING","0"
"a","https://web.archive.org/web/20090712022911/http://www.press.sk:80/najdene-produkty/n,a,30,,pevnost","20090712022911","LISTING","0"
"a","https://web.archive.org/web/20090713031835/http://www.press.sk:80/najdene-produkty/n,a,30,,pevnost/","20090713031835","LISTING","0"
"a","https://web.archive.org/web/20100107182026/http://www.press.sk:80/najdene-produkty/n,a,30,,pevnost","20100107182026","LISTING","0"
"a","https://web.archive.org/web/20110627072242/http://www.press.sk:80/najdene-produkty/n,a,30,,po%C4%BEovn/","20110627072242","LISTING","0"
"a","https://web.archive.org/web/20110827010615/http://www.press.sk:80/najdene-produkty/n,a,30,,po%C4%BEovn/","20110827010615","LISTING","0"
"a","https://web.archive.org/web/20110912103626/http://www.press.sk:80/najdene-produkty/n,a,30,,po%C4%BEovn/","20110912103626","LISTING","0"
"a","https://web.archive.org/web/20110912095459/http://www.press.sk:80/najdene-produkty/n,a,30,,stiha%C4%8D/","20110912095459","LISTING","0"
"a","https://web.archive.org/web/20110619020021/http://www.press.sk:80/najdene-produkty/n,a,30,,velk%C3%A9+bitvy/","20110619020021","LISTING","0"
"a","https://web.archive.org/web/20110620082713/http://www.press.sk:80/najdene-produkty/n,a,30,,velk%C3%A9+bitvy/","20110620082713","LISTING","0"
"a","https://web.archive.org/web/20110822021752/http://www.press.sk:80/najdene-produkty/n,a,30,,velk%C3%A9+bitvy/","20110822021752","LISTING","0"
"a","https://web.archive.org/web/20110912092558/http://www.press.sk:80/najdene-produkty/o,a,30,,v%C3%BDchova/","20110912092558","LISTING","0"
"a","https://web.archive.org/web/20230311055259/https://www.press.sk/najdene-produkty/predplatn%C3%A9/","20230311055259","LISTING","0"
"a","https://web.archive.org/web/20130622164951/http://www.press.sk/odborne-casopisy/o,a,30/","20130622164951","LISTING","0"
"a","https://web.archive.org/web/20170614213248/http://www.press.sk/ostatne+362/","20170614213248","LISTING","0"
"a","https://web.archive.org/web/20090426020438/http://www.press.sk:80/policajne-zbory/n,a,0,0/","20090426020438","LISTING","0"
"a","https://web.archive.org/web/20090423133530/http://www.press.sk:80/policia-ochrana/p,a,0,0/","20090423133530","LISTING","0"
"a","https://web.archive.org/web/20160213222729/http://www.press.sk:80/polnohospodarstvo+258/","20160213222729","LISTING","0"
"a","https://web.archive.org/web/20160406222839/http://www.press.sk/polnohospodarstvo+258/","20160406222839","LISTING","0"
"a","https://web.archive.org/web/20160524170525/http://www.press.sk:80/polnohospodarstvo+258/","20160524170525","LISTING","0"
"a","https://web.archive.org/web/20160724164312/http://www.press.sk:80/polnohospodarstvo+258/","20160724164312","LISTING","0"
"a","https://web.archive.org/web/20160924074315/http://www.press.sk:80/polnohospodarstvo+258/","20160924074315","LISTING","0"
"a","https://web.archive.org/web/20161012175006/http://www.press.sk:80/polnohospodarstvo+258","20161012175006","LISTING","0"
"a","https://web.archive.org/web/20161113173505/http://www.press.sk:80/polnohospodarstvo+258","20161113173505","LISTING","0"
"a","https://web.archive.org/web/20161225212651/http://www.press.sk:80/polnohospodarstvo+258/","20161225212651","LISTING","0"
"a","https://web.archive.org/web/20170405144637/http://www.press.sk/polnohospodarstvo+258/","20170405144637","LISTING","0"
"a","https://web.archive.org/web/20090421135817/http://www.press.sk:80/polovnictvo/n,a,0,0/","20090421135817","LISTING","0"
"a","https://web.archive.org/web/20090421135825/http://www.press.sk:80/priroda/n,a,0,0/","20090421135825","LISTING","0"
"a","https://web.archive.org/web/20040609194705/http://www.press.sk:80/product_info.php?products_id=1281&amp","20040609194705","LISTING","0"
"a","https://web.archive.org/web/20040806073616/http://www.press.sk:80/product_info.php?products_id=1281&amp","20040806073616","LISTING","0"
"a","https://web.archive.org/web/20040416050101/http://www.press.sk:80/product_info.php?cPath=21_26&products_id=948","20040416050101","LISTING","0"
"a","https://web.archive.org/web/20040902230809/http://www.press.sk:80/product_info.php?cPath=21_26&products_id=948","20040902230809","LISTING","0"
"a","https://web.archive.org/web/20040416050152/http://www.press.sk:80/product_info.php?products_id=1004","20040416050152","LISTING","0"
"a","https://web.archive.org/web/20040612051342/http://www.press.sk:80/product_info.php?products_id=1004","20040612051342","LISTING","0"
"a","https://web.archive.org/web/20040902231020/http://www.press.sk:80/product_info.php?products_id=1004","20040902231020","LISTING","0"
"a","https://web.archive.org/web/20040421094115/http://www.press.sk:80/product_info.php?products_id=1108","20040421094115","LISTING","0"
"a","https://web.archive.org/web/20040416050255/http://www.press.sk:80/product_info.php?products_id=1220","20040416050255","LISTING","0"
"a","https://web.archive.org/web/20040612051349/http://www.press.sk:80/product_info.php?products_id=1220","20040612051349","LISTING","0"
"a","https://web.archive.org/web/20040902231113/http://www.press.sk:80/product_info.php?products_id=1408","20040902231113","LISTING","0"
"a","https://web.archive.org/web/20040604200946/http://www.press.sk:80/product_info.php?products_id=223","20040604200946","LISTING","0"
"a","https://web.archive.org/web/20040807061941/http://www.press.sk:80/product_info.php?products_id=223","20040807061941","LISTING","0"
"a","https://web.archive.org/web/20041018222004/http://www.press.sk:80/product_info.php?products_id=223","20041018222004","LISTING","0"
"a","https://web.archive.org/web/20040923082124/http://www.press.sk:80/product_info.php?products_id=648","20040923082124","LISTING","0"
"a","https://web.archive.org/web/20040416050348/http://www.press.sk:80/product_info.php?products_id=956","20040416050348","LISTING","0"
"a","https://web.archive.org/web/20040612051850/http://www.press.sk:80/product_info.php?products_id=956","20040612051850","LISTING","0"
"a","https://web.archive.org/web/20170615041003/http://www.press.sk/rozpravky+356/","20170615041003","LISTING","0"
"a","https://web.archive.org/web/20170113220150/http://www.press.sk:80/tank-t-34-85+281/","20170113220150","LISTING","0"
"a","https://web.archive.org/web/20170315213006/http://www.press.sk:80/tank-t-34-85+281/","20170315213006","LISTING","0"
"a","https://web.archive.org/web/20170330210420/http://www.press.sk:80/tank-t-34-85+281","20170330210420","LISTING","0"
"a","https://web.archive.org/web/20170515040757/http://www.press.sk:80/tank-t-34-85+281","20170515040757","LISTING","0"
"a","https://web.archive.org/web/20170516121603/http://www.press.sk:80/tank-t-34-85+281/","20170516121603","LISTING","0"
"a","https://web.archive.org/web/20170606134351/http://www.press.sk/tank-t-34-85+281/","20170606134351","LISTING","0"
"a","https://web.archive.org/web/20161017195857/http://www.press.sk:80/vojenska-technika-sveta/?","20161017195857","LISTING","0"
"a","https://web.archive.org/web/20161118010350/http://www.press.sk:80/vojenska-technika-sveta/?","20161118010350","LISTING","0"
"a","https://web.archive.org/web/20170126113733/http://www.press.sk:80/zdravotnicka-literatura+365/","20170126113733","LISTING","0"
"a","https://web.archive.org/web/20170328025643/http://www.press.sk:80/zdravotnicka-literatura+365/","20170328025643","LISTING","0"
"a","https://web.archive.org/web/20170527213039/http://www.press.sk:80/zdravotnicka-literatura+365/","20170527213039","LISTING","0"
"a","https://web.archive.org/web/20170606130747/http://www.press.sk/zdravotnicka-literatura+365/","20170606130747","LISTING","0"
