original_url,wayback_url,timestamp,type,
a,https://web.archive.org/web/20150709002042/http://www.press.sk:80/hachette-filipacchi/o,a,30,0,20150709002042,LISTING
a,https://web.archive.org/web/20150711133348/http://www.press.sk:80/hachette-filipacchi/o,a,30,0/,20150711133348,LISTING
a,https://web.archive.org/web/20150809054441/http://www.press.sk:80/hachette-filipacchi/o,a,30,0,20150809054441,LISTING
a,https://web.archive.org/web/20150909042957/http://www.press.sk:80/hachette-filipacchi/o,a,30,0,20150909042957,LISTING
a,https://web.archive.org/web/20160331212838/http://www.press.sk:80/hachette-filipacchi/o,a,30,0,20160331212838,LISTING
a,https://web.archive.org/web/20160513143322/http://www.press.sk:80/hachette-filipacchi/o,a,30,0,20160513143322,LISTING
a,https://web.archive.org/web/20090713032412/http://www.press.sk:80/kalendare-pohladnice/n,a,30,0/,20090713032412,LISTING
a,https://web.archive.org/web/20130623070114/http://www.press.sk/kalendare-pohladnice/o,a,30,0/,20130623070114,LISTING
a,https://web.archive.org/web/20140810003451/http://www.press.sk:80/kalendare-pohladnice/o,a,30,0/,20140810003451,LISTING
a,https://web.archive.org/web/20150310140158/http://www.press.sk:80/kalendare-pohladnice/o,a,30,0/,20150310140158,LISTING
a,https://web.archive.org/web/20160229030925/http://www.press.sk:80/kolekce-automobilu-jamesa-bonda/o,a,30,0/,20160229030925,LISTING
a,https://web.archive.org/web/20130622054446/http://www.press.sk/komiksy/o,a,30,0/,20130622054446,LISTING
a,https://web.archive.org/web/20170114050629/http://www.press.sk:80/kouzelna-sbirka-pohadek+284/,20170114050629,LISTING
a,https://web.archive.org/web/20170315212915/http://www.press.sk:80/kouzelna-sbirka-pohadek+284/,20170315212915,LISTING
a,https://web.archive.org/web/20170516113756/http://www.press.sk:80/kouzelna-sbirka-pohadek+284/,20170516113756,LISTING
a,https://web.archive.org/web/20170606032635/http://www.press.sk/kouzelna-sbirka-pohadek+284/,20170606032635,LISTING
a,https://web.archive.org/web/20130620222621/http://www.press.sk:80/kultovni-auta-cssr/o,a,30,0,20130620222621,LISTING
a,https://web.archive.org/web/20150825042948/http://www.press.sk:80/kultovni-auta-cssr/o,a,30,0/,20150825042948,LISTING
a,https://web.archive.org/web/20151126024612/http://www.press.sk:80/kultovni-auta-cssr/o,a,30,0/,20151126024612,LISTING
a,https://web.archive.org/web/20170113220240/http://www.press.sk:80/kultovni-lokomotivy+282/,20170113220240,LISTING
a,https://web.archive.org/web/20170315212920/http://www.press.sk:80/kultovni-lokomotivy+282/,20170315212920,LISTING
a,https://web.archive.org/web/20170516122406/http://www.press.sk:80/kultovni-lokomotivy+282/,20170516122406,LISTING
a,https://web.archive.org/web/20170606110027/http://www.press.sk/kultovni-lokomotivy+282/,20170606110027,LISTING
a,https://web.archive.org/web/20090214130728/http://www.press.sk:80/kynologia/n,a,30,0/,20090214130728,LISTING
a,https://web.archive.org/web/20110627054156/http://www.press.sk:80/kynologia/n,a,30,0/,20110627054156,LISTING
a,https://web.archive.org/web/20110827010450/http://www.press.sk:80/kynologia/n,a,30,0/,20110827010450,LISTING
a,https://web.archive.org/web/20130620185355/http://www.press.sk/legendarni-automobily/o,a,30,0/,20130620185355,LISTING
a,https://web.archive.org/web/20151116085601/http://www.press.sk:80/letajici-pevnosti/o,a,30,0/,20151116085601,LISTING
a,https://web.archive.org/web/20091025044208/http://www.press.sk:80/letectvo-53/n,a,100,0,20091025044208,LISTING
a,https://web.archive.org/web/20100109085221/http://www.press.sk:80/letectvo-53/n,a,100,0,20100109085221,LISTING
a,https://web.archive.org/web/20101018000254/http://www.press.sk:80/letectvo-53/n,a,100,0,20101018000254,LISTING
a,https://web.archive.org/web/20101118133915/http://www.press.sk:80/letectvo-53/n,a,100,0,20101118133915,LISTING
a,https://web.archive.org/web/20081208074654/http://www.press.sk:80/letectvo-53/n,a,30,0/,20081208074654,LISTING
a,https://web.archive.org/web/20090212174633/http://www.press.sk:80/letectvo-53/n,a,30,0,20090212174633,LISTING
a,https://web.archive.org/web/20090213203821/http://www.press.sk:80/letectvo-53/n,a,30,0/,20090213203821,LISTING
a,https://web.archive.org/web/20090315062501/http://www.press.sk:80/letectvo-53/n,a,30,0,20090315062501,LISTING
a,https://web.archive.org/web/20090414212532/http://www.press.sk:80/letectvo-53/n,a,30,0,20090414212532,LISTING
a,https://web.archive.org/web/20090520053318/http://www.press.sk:80/letectvo-53/n,a,30,0,20090520053318,LISTING
a,https://web.archive.org/web/20100125084434/http://www.press.sk:80/letectvo-53/n,a,30,0,20100125084434,LISTING
a,https://web.archive.org/web/20100208212107/http://www.press.sk:80/letectvo-53/n,a,50,0,20100208212107,LISTING
a,https://web.archive.org/web/20100211121550/http://www.press.sk:80/letectvo-53/n,a,50,0/,20100211121550,LISTING
a,https://web.archive.org/web/20150514170309/http://www.press.sk:80/letectvo-53/o,a,30,0/,20150514170309,LISTING
a,https://web.archive.org/web/20130622111804/http://www.press.sk/letectvo/o,a,30,0/,20130622111804,LISTING
a,https://web.archive.org/web/20081204001424/http://www.press.sk:80/mido-film/n,a,30,0/,20081204001424,LISTING
a,https://web.archive.org/web/20081223105522/http://www.press.sk:80/mido-film/n,a,30,0/,20081223105522,LISTING
a,https://web.archive.org/web/20090123153744/http://www.press.sk:80/mido-film/n,a,30,0/,20090123153744,LISTING
a,https://web.archive.org/web/20090224022741/http://www.press.sk:80/mido-film/n,a,30,0/,20090224022741,LISTING
a,https://web.archive.org/web/20090327113606/http://www.press.sk:80/mido-film/n,a,30,0/,20090327113606,LISTING
a,https://web.archive.org/web/20090427001614/http://www.press.sk:80/mido-film/n,a,30,0/,20090427001614,LISTING
a,https://web.archive.org/web/20090529063529/http://www.press.sk:80/mido-film/n,a,30,0/,20090529063529,LISTING
a,https://web.archive.org/web/20091026153813/http://www.press.sk:80/military-51/n,a,100,0,20091026153813,LISTING
a,https://web.archive.org/web/20091218105551/http://www.press.sk:80/military-51/n,a,100,0,20091218105551,LISTING
a,https://web.archive.org/web/20100125110257/http://www.press.sk:80/military-51/n,a,100,0,20100125110257,LISTING
a,https://web.archive.org/web/20100225010955/http://www.press.sk:80/military-51/n,a,100,0/,20100225010955,LISTING
a,https://web.archive.org/web/20090228085240/http://www.press.sk:80/military-51/n,a,30,0/,20090228085240,LISTING
a,https://web.archive.org/web/20100210044715/http://www.press.sk:80/military-51/n,a,30,0/,20100210044715,LISTING
a,https://web.archive.org/web/20160123212633/http://www.press.sk:80/military/o,a,100,0,20160123212633,LISTING
a,https://web.archive.org/web/20160223123416/http://www.press.sk:80/military/o,a,100,0,20160223123416,LISTING
a,https://web.archive.org/web/20160331204333/http://www.press.sk:80/military/o,a,100,0,20160331204333,LISTING
a,https://web.archive.org/web/20160508083126/http://www.press.sk:80/military/o,a,100,0,20160508083126,LISTING
a,https://web.archive.org/web/20130621122045/http://www.press.sk/military/o,a,30,0/,20130621122045,LISTING
a,https://web.archive.org/web/20150626232519/http://www.press.sk:80/military/o,a,30,0/,20150626232519,LISTING
a,https://web.archive.org/web/20151229042008/http://www.press.sk:80/military/o,a,30,0/,20151229042008,LISTING
a,https://web.archive.org/web/20170105152506/http://www.press.sk:80/military/o,a,30,0/,20170105152506,LISTING
a,https://web.archive.org/web/20170411200859/http://www.press.sk:80/military/o,a,30,0/,20170411200859,LISTING
a,https://web.archive.org/web/20170614092626/http://www.press.sk:80/military/o,a,30,0/,20170614092626,LISTING
a,https://web.archive.org/web/20120212095803/http://www.press.sk:80/moda-sitie-varenie/o,a,30,0/,20120212095803,LISTING
a,https://web.archive.org/web/20130623225317/http://www.press.sk/moda-sitie-varenie/o,a,30,0/,20130623225317,LISTING
a,https://web.archive.org/web/20150711130818/http://www.press.sk:80/moda-sitie-varenie/o,a,30,0/,20150711130818,LISTING
a,https://web.archive.org/web/20091222200329/http://www.press.sk:80/modelarstvo-84/n,a,30,0/,20091222200329,LISTING
a,https://web.archive.org/web/20130622140816/http://www.press.sk/modelarstvo/o,a,30,0/,20130622140816,LISTING
a,https://web.archive.org/web/20150626232537/http://www.press.sk:80/modelarstvo/o,a,30,0/,20150626232537,LISTING
a,https://web.archive.org/web/20150827011813/http://www.press.sk:80/modelarstvo/o,a,30,0/,20150827011813,LISTING
a,https://web.archive.org/web/20151121014639/http://www.press.sk:80/modelarstvo/o,a,30,0,20151121014639,LISTING
a,https://web.archive.org/web/20151121221929/http://www.press.sk:80/modelarstvo/o,a,30,0/,20151121221929,LISTING
a,https://web.archive.org/web/20151221184641/http://www.press.sk:80/modelarstvo/o,a,30,0,20151221184641,LISTING
a,https://web.archive.org/web/20160402171758/http://www.press.sk:80/modelarstvo/o,a,30,0,20160402171758,LISTING
a,https://web.archive.org/web/20160508032644/http://www.press.sk:80/modelarstvo/o,a,30,0,20160508032644,LISTING
a,https://web.archive.org/web/20170116152609/http://www.press.sk:80/modely/o,a,30,0/,20170116152609,LISTING
a,https://web.archive.org/web/20090305075829/http://www.press.sk:80/multimedia/n,a,15,0,20090305075829,LISTING
a,https://web.archive.org/web/20090404194931/http://www.press.sk:80/multimedia/n,a,15,0,20090404194931,LISTING
a,https://web.archive.org/web/20100106010504/http://www.press.sk:80/multimedia/n,a,15,0,20100106010504,LISTING
a,https://web.archive.org/web/20090516205756/http://www.press.sk:80/multimedia/n,a,30,0/,20090516205756,LISTING
a,https://web.archive.org/web/20090910235909/http://www.press.sk:80/multimedia/n,a,30,0/,20090910235909,LISTING
a,https://web.archive.org/web/20110912033202/http://www.press.sk:80/multimedia/n,a,30,0/,20110912033202,LISTING
a,https://web.archive.org/web/20130621072924/http://www.press.sk/multimedia/o,a,30,0/,20130621072924,LISTING
a,https://web.archive.org/web/20140707071324/http://www.press.sk:80/najdene-produkty/?,20140707071324,LISTING
a,https://web.archive.org/web/20140824061404/http://www.press.sk:80/najdene-produkty/?,20140824061404,LISTING
a,https://web.archive.org/web/20210427000859/https://www.press.sk/najdene-produkty/,a,16,,v%C4%8Dela/,20210427000859,LISTING
a,https://web.archive.org/web/20210427000900/https://www.press.sk/najdene-produkty/,a,16,,v%C4%8Dela/,20210427000900,LISTING
a,https://web.archive.org/web/20110925180455/http://www.press.sk:80/najdene-produkty/,a,30,30,,poirot,20110925180455,LISTING
a,https://web.archive.org/web/20111026020517/http://www.press.sk:80/najdene-produkty/,a,30,30,,poirot,20111026020517,LISTING
a,https://web.archive.org/web/20111125204634/http://www.press.sk:80/najdene-produkty/,a,30,30,,poirot,20111125204634,LISTING
a,https://web.archive.org/web/20111227012907/http://www.press.sk:80/najdene-produkty/,a,30,30,,poirot,20111227012907,LISTING
a,https://web.archive.org/web/20120129185247/http://www.press.sk:80/najdene-produkty/,a,30,30,,poirot,20120129185247,LISTING
a,https://web.archive.org/web/20120229161758/http://www.press.sk:80/najdene-produkty/,a,30,30,,poirot,20120229161758,LISTING
a,https://web.archive.org/web/20120419212029/http://www.press.sk:80/najdene-produkty/,a,30,30,,poirot,20120419212029,LISTING
a,https://web.archive.org/web/20120627012423/http://www.press.sk:80/najdene-produkty/,a,30,30,,poirot,20120627012423,LISTING
a,https://web.archive.org/web/20120815060458/http://www.press.sk:80/najdene-produkty/,a,30,30,,poirot,20120815060458,LISTING
a,https://web.archive.org/web/20121113223318/http://www.press.sk:80/najdene-produkty/,a,30,30,,poirot,20121113223318,LISTING
a,https://web.archive.org/web/20121231073646/http://www.press.sk:80/najdene-produkty/,a,30,30,,poirot,20121231073646,LISTING
a,https://web.archive.org/web/20130529021929/http://www.press.sk:80/najdene-produkty/,a,30,30,,poirot,20130529021929,LISTING
a,https://web.archive.org/web/20151003021050/http://www.press.sk:80/najdene-produkty/,a,30,30,,tanky,20151003021050,LISTING
a,https://web.archive.org/web/20151103000845/http://www.press.sk:80/najdene-produkty/,a,30,30,,tanky,20151103000845,LISTING
a,https://web.archive.org/web/20160402025253/http://www.press.sk:80/najdene-produkty/,a,30,30,,tanky,20160402025253,LISTING
a,https://web.archive.org/web/20160512125022/http://www.press.sk:80/najdene-produkty/,a,30,30,,tanky,20160512125022,LISTING
a,https://web.archive.org/web/20151003021102/http://www.press.sk:80/najdene-produkty/,a,30,60,,tanky,20151003021102,LISTING
a,https://web.archive.org/web/20151103000907/http://www.press.sk:80/najdene-produkty/,a,30,60,,tanky,20151103000907,LISTING
a,https://web.archive.org/web/20160404020930/http://www.press.sk:80/najdene-produkty/,a,30,60,,tanky,20160404020930,LISTING
a,https://web.archive.org/web/20160514180139/http://www.press.sk:80/najdene-produkty/,a,30,60,,tanky,20160514180139,LISTING
a,https://web.archive.org/web/20230311055259/https://www.press.sk/najdene-produkty/chalup%C3%A1r/,20230311055259,LISTING
a,https://web.archive.org/web/20230311055258/https://www.press.sk/najdene-produkty/moderni%20v%C4%8Delar/,20230311055258,LISTING
a,https://web.archive.org/web/20160820061229/http://www.press.sk:80/najdene-produkty/n,a,100,,flak,20160820061229,LISTING
a,https://web.archive.org/web/20160920181606/http://www.press.sk:80/najdene-produkty/n,a,100,,flak,20160920181606,LISTING
a,https://web.archive.org/web/20161023055726/http://www.press.sk:80/najdene-produkty/n,a,100,,flak,20161023055726,LISTING
a,https://web.archive.org/web/20160820061245/http://www.press.sk:80/najdene-produkty/n,a,30,,,flak,20160820061245,LISTING
a,https://web.archive.org/web/20160920181945/http://www.press.sk:80/najdene-produkty/n,a,30,,,flak,20160920181945,LISTING
a,https://web.archive.org/web/20161023065307/http://www.press.sk:80/najdene-produkty/n,a,30,,,flak,20161023065307,LISTING
a,https://web.archive.org/web/20100830163048/http://www.press.sk:80/najdene-produkty/n,a,30,,atlas,20100830163048,LISTING
a,https://web.archive.org/web/20101002125800/http://www.press.sk:80/najdene-produkty/n,a,30,,atlas,20101002125800,LISTING
a,https://web.archive.org/web/20110523094520/http://www.press.sk:80/najdene-produkty/n,a,30,,bitvy+historie/,20110523094520,LISTING
a,https://web.archive.org/web/20110912092427/http://www.press.sk:80/najdene-produkty/n,a,30,,bitvy+historie/,20110912092427,LISTING
a,https://web.archive.org/web/20091219184749/http://www.press.sk:80/najdene-produkty/n,a,30,,burda,20091219184749,LISTING
a,https://web.archive.org/web/20100102195722/http://www.press.sk:80/najdene-produkty/n,a,30,,burda/,20100102195722,LISTING
a,https://web.archive.org/web/20110420173323/http://www.press.sk:80/najdene-produkty/n,a,30,,drobnosti/,20110420173323,LISTING
a,https://web.archive.org/web/20110912013050/http://www.press.sk:80/najdene-produkty/n,a,30,,drobnosti/,20110912013050,LISTING
a,https://web.archive.org/web/20110418195403/http://www.press.sk:80/najdene-produkty/n,a,30,,dukl/,20110418195403,LISTING
a,https://web.archive.org/web/20110912084613/http://www.press.sk:80/najdene-produkty/n,a,30,,dukl/,20110912084613,LISTING
a,https://web.archive.org/web/20110418203215/http://www.press.sk:80/najdene-produkty/n,a,30,,kouzelne,20110418203215,LISTING
a,https://web.archive.org/web/20110423184912/http://www.press.sk:80/najdene-produkty/n,a,30,,kouzelne/,20110423184912,LISTING
a,https://web.archive.org/web/20110520151917/http://www.press.sk:80/najdene-produkty/n,a,30,,kouzelne,20110520151917,LISTING
a,https://web.archive.org/web/20110622194746/http://www.press.sk:80/najdene-produkty/n,a,30,,kouzelne,20110622194746,LISTING
a,https://web.archive.org/web/20110826080213/http://www.press.sk:80/najdene-produkty/n,a,30,,kouzelne,20110826080213,LISTING
a,https://web.archive.org/web/20110912075956/http://www.press.sk:80/najdene-produkty/n,a,30,,kouzelne/,20110912075956,LISTING
a,https://web.archive.org/web/20110912103120/http://www.press.sk:80/najdene-produkty/n,a,30,,kouzelne,20110912103120,LISTING
a,https://web.archive.org/web/20100824055339/http://www.press.sk:80/najdene-produkty/n,a,30,,monk/,20100824055339,LISTING
a,https://web.archive.org/web/20110514205531/http://www.press.sk:80/najdene-produkty/n,a,30,,operace/,20110514205531,LISTING
a,https://web.archive.org/web/20110715074737/http://www.press.sk:80/najdene-produkty/n,a,30,,operace/,20110715074737,LISTING
a,https://web.archive.org/web/20110913215540/http://www.press.sk:80/najdene-produkty/n,a,30,,operace/,20110913215540,LISTING
a,https://web.archive.org/web/20090712022911/http://www.press.sk:80/najdene-produkty/n,a,30,,pevnost,20090712022911,LISTING
a,https://web.archive.org/web/20090713031835/http://www.press.sk:80/najdene-produkty/n,a,30,,pevnost/,20090713031835,LISTING
a,https://web.archive.org/web/20100107182026/http://www.press.sk:80/najdene-produkty/n,a,30,,pevnost,20100107182026,LISTING
a,https://web.archive.org/web/20110627072242/http://www.press.sk:80/najdene-produkty/n,a,30,,po%C4%BEovn/,20110627072242,LISTING
a,https://web.archive.org/web/20110827010615/http://www.press.sk:80/najdene-produkty/n,a,30,,po%C4%BEovn/,20110827010615,LISTING
a,https://web.archive.org/web/20110912103626/http://www.press.sk:80/najdene-produkty/n,a,30,,po%C4%BEovn/,20110912103626,LISTING
a,https://web.archive.org/web/20110912095459/http://www.press.sk:80/najdene-produkty/n,a,30,,stiha%C4%8D/,20110912095459,LISTING
a,https://web.archive.org/web/20110619020021/http://www.press.sk:80/najdene-produkty/n,a,30,,velk%C3%A9+bitvy/,20110619020021,LISTING
a,https://web.archive.org/web/20110620082713/http://www.press.sk:80/najdene-produkty/n,a,30,,velk%C3%A9+bitvy/,20110620082713,LISTING
a,https://web.archive.org/web/20110822021752/http://www.press.sk:80/najdene-produkty/n,a,30,,velk%C3%A9+bitvy/,20110822021752,LISTING
a,https://web.archive.org/web/20110912092105/http://www.press.sk:80/najdene-produkty/n,a,30,120,,stiha%C4%8D/,20110912092105,LISTING
a,https://web.archive.org/web/20110421073234/http://www.press.sk:80/najdene-produkty/n,a,30,150,,stiha%C4%8D,20110421073234,LISTING
a,https://web.archive.org/web/20110523062429/http://www.press.sk:80/najdene-produkty/n,a,30,150,,stiha%C4%8D,20110523062429,LISTING
a,https://web.archive.org/web/20110623101632/http://www.press.sk:80/najdene-produkty/n,a,30,150,,stiha%C4%8D,20110623101632,LISTING
a,https://web.archive.org/web/20110912032648/http://www.press.sk:80/najdene-produkty/n,a,30,150,,stiha%C4%8D/,20110912032648,LISTING
a,https://web.archive.org/web/20110912103630/http://www.press.sk:80/najdene-produkty/n,a,30,150,,stiha%C4%8D,20110912103630,LISTING
a,https://web.archive.org/web/20110912081037/http://www.press.sk:80/najdene-produkty/n,a,30,180,,stiha%C4%8D/,20110912081037,LISTING
a,https://web.archive.org/web/20100830163105/http://www.press.sk:80/najdene-produkty/n,a,30,30,,atlas,20100830163105,LISTING
a,https://web.archive.org/web/20101002141105/http://www.press.sk:80/najdene-produkty/n,a,30,30,,atlas,20101002141105,LISTING
a,https://web.archive.org/web/20110524071015/http://www.press.sk:80/najdene-produkty/n,a,30,30,,bitvy%20historie/,20110524071015,LISTING
a,https://web.archive.org/web/20110911223336/http://www.press.sk:80/najdene-produkty/n,a,30,30,,bitvy%20historie/,20110911223336,LISTING
a,https://web.archive.org/web/20110521170315/http://www.press.sk:80/najdene-produkty/n,a,30,30,,bitvy+historie,20110521170315,LISTING
a,https://web.archive.org/web/20110622192554/http://www.press.sk:80/najdene-produkty/n,a,30,30,,bitvy+historie,20110622192554,LISTING
a,https://web.archive.org/web/20110723222028/http://www.press.sk:80/najdene-produkty/n,a,30,30,,bitvy+historie,20110723222028,LISTING
a,https://web.archive.org/web/20110824004254/http://www.press.sk:80/najdene-produkty/n,a,30,30,,bitvy+historie,20110824004254,LISTING
a,https://web.archive.org/web/20110825015005/http://www.press.sk:80/najdene-produkty/n,a,30,30,,bitvy+historie,20110825015005,LISTING
a,https://web.archive.org/web/20110912144441/http://www.press.sk:80/najdene-produkty/n,a,30,30,,bitvy+historie,20110912144441,LISTING
a,https://web.archive.org/web/20110418203230/http://www.press.sk:80/najdene-produkty/n,a,30,30,,drobnosti,20110418203230,LISTING
a,https://web.archive.org/web/20110421052728/http://www.press.sk:80/najdene-produkty/n,a,30,30,,drobnosti/,20110421052728,LISTING
a,https://web.archive.org/web/20110520151441/http://www.press.sk:80/najdene-produkty/n,a,30,30,,drobnosti,20110520151441,LISTING
a,https://web.archive.org/web/20110622200406/http://www.press.sk:80/najdene-produkty/n,a,30,30,,drobnosti,20110622200406,LISTING
a,https://web.archive.org/web/20110826081917/http://www.press.sk:80/najdene-produkty/n,a,30,30,,drobnosti,20110826081917,LISTING
a,https://web.archive.org/web/20110911202017/http://www.press.sk:80/najdene-produkty/n,a,30,30,,drobnosti/,20110911202017,LISTING
a,https://web.archive.org/web/20110912104840/http://www.press.sk:80/najdene-produkty/n,a,30,30,,drobnosti,20110912104840,LISTING
a,https://web.archive.org/web/20110417020419/http://www.press.sk:80/najdene-produkty/n,a,30,30,,dukl,20110417020419,LISTING
a,https://web.archive.org/web/20110419150411/http://www.press.sk:80/najdene-produkty/n,a,30,30,,dukl/,20110419150411,LISTING
a,https://web.archive.org/web/20110518102724/http://www.press.sk:80/najdene-produkty/n,a,30,30,,dukl,20110518102724,LISTING
a,https://web.archive.org/web/20110618162646/http://www.press.sk:80/najdene-produkty/n,a,30,30,,dukl,20110618162646,LISTING
a,https://web.archive.org/web/20110831005836/http://www.press.sk:80/najdene-produkty/n,a,30,30,,dukl,20110831005836,LISTING
a,https://web.archive.org/web/20110912025209/http://www.press.sk:80/najdene-produkty/n,a,30,30,,dukl,20110912025209,LISTING
a,https://web.archive.org/web/20110912035934/http://www.press.sk:80/najdene-produkty/n,a,30,30,,dukl/,20110912035934,LISTING
a,https://web.archive.org/web/20081206005300/http://www.press.sk:80/najdene-produkty/n,a,30,30,,jota/,20081206005300,LISTING
a,https://web.archive.org/web/20110421003435/http://www.press.sk:80/najdene-produkty/n,a,30,30,,kouzelne/,20110421003435,LISTING
a,https://web.archive.org/web/20110523051619/http://www.press.sk:80/najdene-produkty/n,a,30,30,,kouzelne,20110523051619,LISTING
a,https://web.archive.org/web/20110623094227/http://www.press.sk:80/najdene-produkty/n,a,30,30,,kouzelne,20110623094227,LISTING
a,https://web.archive.org/web/20110810163146/http://www.press.sk:80/najdene-produkty/n,a,30,30,,kouzelne,20110810163146,LISTING
a,https://web.archive.org/web/20110913074021/http://www.press.sk:80/najdene-produkty/n,a,30,30,,kouzelne/,20110913074021,LISTING
a,https://web.archive.org/web/20100830163130/http://www.press.sk:80/najdene-produkty/n,a,30,30,,lokom,20100830163130,LISTING
a,https://web.archive.org/web/20101002143039/http://www.press.sk:80/najdene-produkty/n,a,30,30,,lokom,20101002143039,LISTING
a,https://web.archive.org/web/20100823015703/http://www.press.sk:80/najdene-produkty/n,a,30,30,,monk,20100823015703,LISTING
a,https://web.archive.org/web/20100824060147/http://www.press.sk:80/najdene-produkty/n,a,30,30,,monk/,20100824060147,LISTING
a,https://web.archive.org/web/20100923110951/http://www.press.sk:80/najdene-produkty/n,a,30,30,,monk,20100923110951,LISTING
a,https://web.archive.org/web/20110513010513/http://www.press.sk:80/najdene-produkty/n,a,30,30,,operace,20110513010513,LISTING
a,https://web.archive.org/web/20110515195926/http://www.press.sk:80/najdene-produkty/n,a,30,30,,operace/,20110515195926,LISTING
a,https://web.archive.org/web/20110614115025/http://www.press.sk:80/najdene-produkty/n,a,30,30,,operace,20110614115025,LISTING
a,https://web.archive.org/web/20110715154009/http://www.press.sk:80/najdene-produkty/n,a,30,30,,operace,20110715154009,LISTING
a,https://web.archive.org/web/20110816032728/http://www.press.sk:80/najdene-produkty/n,a,30,30,,operace,20110816032728,LISTING
a,https://web.archive.org/web/20110912005450/http://www.press.sk:80/najdene-produkty/n,a,30,30,,operace/,20110912005450,LISTING
a,https://web.archive.org/web/20110912041114/http://www.press.sk:80/najdene-produkty/n,a,30,30,,operace,20110912041114,LISTING
a,https://web.archive.org/web/20090712012039/http://www.press.sk:80/najdene-produkty/n,a,30,30,,pevnost,20090712012039,LISTING
a,https://web.archive.org/web/20090713190756/http://www.press.sk:80/najdene-produkty/n,a,30,30,,pevnost/,20090713190756,LISTING
a,https://web.archive.org/web/20100119082917/http://www.press.sk:80/najdene-produkty/n,a,30,30,,pevnost,20100119082917,LISTING
a,https://web.archive.org/web/20110625123741/http://www.press.sk:80/najdene-produkty/n,a,30,30,,po%C4%BEovn,20110625123741,LISTING
a,https://web.archive.org/web/20110626224342/http://www.press.sk:80/najdene-produkty/n,a,30,30,,po%C4%BEovn,20110626224342,LISTING
a,https://web.archive.org/web/20110627072446/http://www.press.sk:80/najdene-produkty/n,a,30,30,,po%C4%BEovn/,20110627072446,LISTING
a,https://web.archive.org/web/20110727214938/http://www.press.sk:80/najdene-produkty/n,a,30,30,,po%C4%BEovn,20110727214938,LISTING
a,https://web.archive.org/web/20110827010846/http://www.press.sk:80/najdene-produkty/n,a,30,30,,po%C4%BEovn/,20110827010846,LISTING
a,https://web.archive.org/web/20110828022745/http://www.press.sk:80/najdene-produkty/n,a,30,30,,po%C4%BEovn,20110828022745,LISTING
a,https://web.archive.org/web/20110911210850/http://www.press.sk:80/najdene-produkty/n,a,30,30,,po%C4%BEovn/,20110911210850,LISTING
a,https://web.archive.org/web/20110912104540/http://www.press.sk:80/najdene-produkty/n,a,30,30,,po%C4%BEovn,20110912104540,LISTING
a,https://web.archive.org/web/20100929193426/http://www.press.sk:80/najdene-produkty/n,a,30,30,,spolu+%C5%BEi%C5%A5,20100929193426,LISTING
a,https://web.archive.org/web/20101101111713/http://www.press.sk:80/najdene-produkty/n,a,30,30,,spolu+%C5%BEi%C5%A5,20101101111713,LISTING
a,https://web.archive.org/web/20110910210014/http://www.press.sk:80/najdene-produkty/n,a,30,30,,stiha%C4%8D/,20110910210014,LISTING
a,https://web.archive.org/web/20090117042014/http://www.press.sk:80/najdene-produkty/n,a,30,30,,tanky,20090117042014,LISTING
a,https://web.archive.org/web/20090217080243/http://www.press.sk:80/najdene-produkty/n,a,30,30,,tanky,20090217080243,LISTING
a,https://web.archive.org/web/20090320214228/http://www.press.sk:80/najdene-produkty/n,a,30,30,,tanky,20090320214228,LISTING
a,https://web.archive.org/web/20090420194717/http://www.press.sk:80/najdene-produkty/n,a,30,30,,tanky,20090420194717,LISTING
a,https://web.archive.org/web/20090522061747/http://www.press.sk:80/najdene-produkty/n,a,30,30,,tanky,20090522061747,LISTING
a,https://web.archive.org/web/20100107192730/http://www.press.sk:80/najdene-produkty/n,a,30,30,,tanky,20100107192730,LISTING
a,https://web.archive.org/web/20110622004322/http://www.press.sk:80/najdene-produkty/n,a,30,30,,velk%C3%A9%20bitvy/,20110622004322,LISTING
a,https://web.archive.org/web/20110822042154/http://www.press.sk:80/najdene-produkty/n,a,30,30,,velk%C3%A9%20bitvy/,20110822042154,LISTING
a,https://web.archive.org/web/20110616121225/http://www.press.sk:80/najdene-produkty/n,a,30,30,,velk%C3%A9+bitvy,20110616121225,LISTING
a,https://web.archive.org/web/20110718065457/http://www.press.sk:80/najdene-produkty/n,a,30,30,,velk%C3%A9+bitvy,20110718065457,LISTING
a,https://web.archive.org/web/20110818082802/http://www.press.sk:80/najdene-produkty/n,a,30,30,,velk%C3%A9+bitvy,20110818082802,LISTING
a,https://web.archive.org/web/20110913111837/http://www.press.sk:80/najdene-produkty/n,a,30,30,,velk%C3%A9+bitvy,20110913111837,LISTING
a,https://web.archive.org/web/20100830163042/http://www.press.sk:80/najdene-produkty/n,a,30,30,,vozidiel,20100830163042,LISTING
a,https://web.archive.org/web/20101002123936/http://www.press.sk:80/najdene-produkty/n,a,30,30,,vozidiel,20101002123936,LISTING
a,https://web.archive.org/web/20100822163210/http://www.press.sk:80/najdene-produkty/n,a,30,60,,monk,20100822163210,LISTING
a,https://web.archive.org/web/20100824071215/http://www.press.sk:80/najdene-produkty/n,a,30,60,,monk/,20100824071215,LISTING
a,https://web.archive.org/web/20100923102911/http://www.press.sk:80/najdene-produkty/n,a,30,60,,monk,20100923102911,LISTING
a,https://web.archive.org/web/20110513010551/http://www.press.sk:80/najdene-produkty/n,a,30,60,,operace,20110513010551,LISTING
a,https://web.archive.org/web/20110514205551/http://www.press.sk:80/najdene-produkty/n,a,30,60,,operace/,20110514205551,LISTING
a,https://web.archive.org/web/20110613201558/http://www.press.sk:80/najdene-produkty/n,a,30,60,,operace,20110613201558,LISTING
a,https://web.archive.org/web/20110715074733/http://www.press.sk:80/najdene-produkty/n,a,30,60,,operace/,20110715074733,LISTING
a,https://web.archive.org/web/20110715153211/http://www.press.sk:80/najdene-produkty/n,a,30,60,,operace,20110715153211,LISTING
a,https://web.archive.org/web/20110816032407/http://www.press.sk:80/najdene-produkty/n,a,30,60,,operace,20110816032407,LISTING
a,https://web.archive.org/web/20110913015713/http://www.press.sk:80/najdene-produkty/n,a,30,60,,operace,20110913015713,LISTING
a,https://web.archive.org/web/20110914013101/http://www.press.sk:80/najdene-produkty/n,a,30,60,,operace/,20110914013101,LISTING
a,https://web.archive.org/web/20110625123745/http://www.press.sk:80/najdene-produkty/n,a,30,60,,po%C4%BEovn,20110625123745,LISTING
a,https://web.archive.org/web/20110626224402/http://www.press.sk:80/najdene-produkty/n,a,30,60,,po%C4%BEovn,20110626224402,LISTING
a,https://web.archive.org/web/20110627072451/http://www.press.sk:80/najdene-produkty/n,a,30,60,,po%C4%BEovn/,20110627072451,LISTING
a,https://web.archive.org/web/20110727210123/http://www.press.sk:80/najdene-produkty/n,a,30,60,,po%C4%BEovn,20110727210123,LISTING
a,https://web.archive.org/web/20110827010619/http://www.press.sk:80/najdene-produkty/n,a,30,60,,po%C4%BEovn/,20110827010619,LISTING
a,https://web.archive.org/web/20110828021428/http://www.press.sk:80/najdene-produkty/n,a,30,60,,po%C4%BEovn,20110828021428,LISTING
a,https://web.archive.org/web/20110911222558/http://www.press.sk:80/najdene-produkty/n,a,30,60,,po%C4%BEovn/,20110911222558,LISTING
a,https://web.archive.org/web/20110912035657/http://www.press.sk:80/najdene-produkty/n,a,30,60,,po%C4%BEovn,20110912035657,LISTING
a,https://web.archive.org/web/20100929193431/http://www.press.sk:80/najdene-produkty/n,a,30,60,,spolu+%C5%BEi%C5%A5,20100929193431,LISTING
a,https://web.archive.org/web/20101101112059/http://www.press.sk:80/najdene-produkty/n,a,30,60,,spolu+%C5%BEi%C5%A5,20101101112059,LISTING
a,https://web.archive.org/web/20110912071514/http://www.press.sk:80/najdene-produkty/n,a,30,60,,stiha%C4%8D/,20110912071514,LISTING
a,https://web.archive.org/web/20110911214637/http://www.press.sk:80/najdene-produkty/n,a,30,90,,operace/,20110911214637,LISTING
a,https://web.archive.org/web/20110912175945/http://www.press.sk:80/najdene-produkty/n,a,30,90,,stiha%C4%8D/,20110912175945,LISTING
a,https://web.archive.org/web/20110912092558/http://www.press.sk:80/najdene-produkty/o,a,30,,v%C3%BDchova/,20110912092558,LISTING
a,https://web.archive.org/web/20110720024821/http://www.press.sk:80/najdene-produkty/o,a,30,30,,v%C3%BDchova,20110720024821,LISTING
a,https://web.archive.org/web/20110819233750/http://www.press.sk:80/najdene-produkty/o,a,30,30,,v%C3%BDchova,20110819233750,LISTING
a,https://web.archive.org/web/20110912103135/http://www.press.sk:80/najdene-produkty/o,a,30,30,,v%C3%BDchova/,20110912103135,LISTING
a,https://web.archive.org/web/20110912154607/http://www.press.sk:80/najdene-produkty/o,a,30,30,,v%C3%BDchova,20110912154607,LISTING
a,https://web.archive.org/web/20230311055259/https://www.press.sk/najdene-produkty/predplatn%C3%A9/,20230311055259,LISTING
a,https://web.archive.org/web/20081208091933/http://www.press.sk:80/namornictvo/n,a,30,0/,20081208091933,LISTING
a,https://web.archive.org/web/20110606042818/http://www.press.sk:80/napoleonske-vojny/n,a,30,0/,20110606042818,LISTING
a,https://web.archive.org/web/20130622164951/http://www.press.sk/odborne-casopisy/o,a,30/,20130622164951,LISTING
a,https://web.archive.org/web/20160815020636/http://www.press.sk:80/odborne-casopisy/o,a,30,0/,20160815020636,LISTING
a,https://web.archive.org/web/20170614213248/http://www.press.sk/ostatne+362/,20170614213248,LISTING
a,https://web.archive.org/web/20151113000401/http://www.press.sk:80/ostatne/o,a,30,0/,20151113000401,LISTING
a,https://web.archive.org/web/20160629205453/http://www.press.sk:80/pocitace-elektronika/o,a,30,0/,20160629205453,LISTING
a,https://web.archive.org/web/20090517033120/http://www.press.sk:80/pocitace/n,a,30,0/,20090517033120,LISTING
a,https://web.archive.org/web/20090426020438/http://www.press.sk:80/policajne-zbory/n,a,0,0/,20090426020438,LISTING
a,https://web.archive.org/web/20090423133530/http://www.press.sk:80/policia-ochrana/p,a,0,0/,20090423133530,LISTING
a,https://web.archive.org/web/20160213222729/http://www.press.sk:80/polnohospodarstvo+258/,20160213222729,LISTING
a,https://web.archive.org/web/20160406222839/http://www.press.sk/polnohospodarstvo+258/,20160406222839,LISTING
a,https://web.archive.org/web/20160524170525/http://www.press.sk:80/polnohospodarstvo+258/,20160524170525,LISTING
a,https://web.archive.org/web/20160724164312/http://www.press.sk:80/polnohospodarstvo+258/,20160724164312,LISTING
a,https://web.archive.org/web/20160924074315/http://www.press.sk:80/polnohospodarstvo+258/,20160924074315,LISTING
a,https://web.archive.org/web/20161012175006/http://www.press.sk:80/polnohospodarstvo+258,20161012175006,LISTING
a,https://web.archive.org/web/20161113173505/http://www.press.sk:80/polnohospodarstvo+258,20161113173505,LISTING
a,https://web.archive.org/web/20161225212651/http://www.press.sk:80/polnohospodarstvo+258/,20161225212651,LISTING
a,https://web.archive.org/web/20170405144637/http://www.press.sk/polnohospodarstvo+258/,20170405144637,LISTING
a,https://web.archive.org/web/20090421135817/http://www.press.sk:80/polovnictvo/n,a,0,0/,20090421135817,LISTING
a,https://web.archive.org/web/20090701000749/http://www.press.sk:80/pozemne-vojsko/n,a,10,0/,20090701000749,LISTING
a,https://web.archive.org/web/20090228070400/http://www.press.sk:80/pozemne-vojsko/n,a,30,0/,20090228070400,LISTING
a,https://web.archive.org/web/20090527085128/http://www.press.sk:80/pozemne-vojsko/n,a,30,0/,20090527085128,LISTING
a,https://web.archive.org/web/20100415204315/http://www.press.sk:80/pozemne-vojsko/n,a,30,0/,20100415204315,LISTING
a,https://web.archive.org/web/20100615224503/http://www.press.sk:80/pozemne-vojsko/n,a,30,0/,20100615224503,LISTING
a,https://web.archive.org/web/20150822004834/http://www.press.sk:80/pozemne-vojsko/o,a,30,0/,20150822004834,LISTING
a,https://web.archive.org/web/20081214070111/http://www.press.sk:80/pre-deti-a-mladez/n,a,30,0/,20081214070111,LISTING
a,https://web.archive.org/web/20090306002450/http://www.press.sk:80/pre-deti-a-mladez/n,a,30,0/,20090306002450,LISTING
a,https://web.archive.org/web/20090712012054/http://www.press.sk:80/pre-deti-a-mladez/n,a,30,0,20090712012054,LISTING
a,https://web.archive.org/web/20100119091203/http://www.press.sk:80/pre-deti-a-mladez/n,a,30,0,20100119091203,LISTING
a,https://web.archive.org/web/20110913055213/http://www.press.sk:80/pre-deti-a-mladez/n,a,30,0/,20110913055213,LISTING
a,https://web.archive.org/web/20130622123927/http://www.press.sk/pre-deti-a-mladez/o,a,30,0/,20130622123927,LISTING
a,https://web.archive.org/web/20140810003513/http://www.press.sk:80/pre-deti-a-mladez/o,a,30,0/,20140810003513,LISTING
a,https://web.archive.org/web/20090421135825/http://www.press.sk:80/priroda/n,a,0,0/,20090421135825,LISTING
a,https://web.archive.org/web/20090522050208/http://www.press.sk:80/priroda/n,a,5,0,20090522050208,LISTING
a,https://web.archive.org/web/20090901073702/http://www.press.sk:80/priroda/n,a,5,0,20090901073702,LISTING
a,https://web.archive.org/web/20100107161120/http://www.press.sk:80/priroda/n,a,5,0,20100107161120,LISTING
a,https://web.archive.org/web/20040609194705/http://www.press.sk:80/product_info.php?products_id=1281&amp,20040609194705,LISTING
a,https://web.archive.org/web/20040806073616/http://www.press.sk:80/product_info.php?products_id=1281&amp,20040806073616,LISTING
a,https://web.archive.org/web/20040416050101/http://www.press.sk:80/product_info.php?cPath=21_26&products_id=948,20040416050101,LISTING
a,https://web.archive.org/web/20040902230809/http://www.press.sk:80/product_info.php?cPath=21_26&products_id=948,20040902230809,LISTING
a,https://web.archive.org/web/20040416050152/http://www.press.sk:80/product_info.php?products_id=1004,20040416050152,LISTING
a,https://web.archive.org/web/20040612051342/http://www.press.sk:80/product_info.php?products_id=1004,20040612051342,LISTING
a,https://web.archive.org/web/20040902231020/http://www.press.sk:80/product_info.php?products_id=1004,20040902231020,LISTING
a,https://web.archive.org/web/20040421094115/http://www.press.sk:80/product_info.php?products_id=1108,20040421094115,LISTING
a,https://web.archive.org/web/20040416050255/http://www.press.sk:80/product_info.php?products_id=1220,20040416050255,LISTING
a,https://web.archive.org/web/20040612051349/http://www.press.sk:80/product_info.php?products_id=1220,20040612051349,LISTING
a,https://web.archive.org/web/20040902231113/http://www.press.sk:80/product_info.php?products_id=1408,20040902231113,LISTING
a,https://web.archive.org/web/20040604200946/http://www.press.sk:80/product_info.php?products_id=223,20040604200946,LISTING
a,https://web.archive.org/web/20040807061941/http://www.press.sk:80/product_info.php?products_id=223,20040807061941,LISTING
a,https://web.archive.org/web/20041018222004/http://www.press.sk:80/product_info.php?products_id=223,20041018222004,LISTING
a,https://web.archive.org/web/20040923082124/http://www.press.sk:80/product_info.php?products_id=648,20040923082124,LISTING
a,https://web.archive.org/web/20040416050348/http://www.press.sk:80/product_info.php?products_id=956,20040416050348,LISTING
a,https://web.archive.org/web/20040612051850/http://www.press.sk:80/product_info.php?products_id=956,20040612051850,LISTING
a,https://web.archive.org/web/20090928072930/http://www.press.sk:80/rozne-110/n,a,100,0,20090928072930,LISTING
a,https://web.archive.org/web/20100125081352/http://www.press.sk:80/rozne-110/n,a,100,0,20100125081352,LISTING
a,https://web.archive.org/web/20110201024913/http://www.press.sk:80/rozne-110/n,a,100,0,20110201024913,LISTING
a,https://web.archive.org/web/20110305130853/http://www.press.sk:80/rozne-110/n,a,100,0,20110305130853,LISTING
a,https://web.archive.org/web/20090527012238/http://www.press.sk:80/rozne-110/n,a,30,0/,20090527012238,LISTING
a,https://web.archive.org/web/20130508231030/http://www.press.sk:80/rozne-110/o,a,30,0/,20130508231030,LISTING
a,https://web.archive.org/web/20130916191956/http://www.press.sk:80/rozne-110/o,a,30,0/,20130916191956,LISTING
a,https://web.archive.org/web/20140306223840/http://www.press.sk:80/rozne-110/o,a,30,0/,20140306223840,LISTING
a,https://web.archive.org/web/20170615041003/http://www.press.sk/rozpravky+356/,20170615041003,LISTING
a,https://web.archive.org/web/20100305123524/http://www.press.sk:80/rucne-prace/n,a,15,0,20100305123524,LISTING
a,https://web.archive.org/web/20100405041749/http://www.press.sk:80/rucne-prace/n,a,15,0,20100405041749,LISTING
a,https://web.archive.org/web/20100507052114/http://www.press.sk:80/rucne-prace/n,a,15,0,20100507052114,LISTING
a,https://web.archive.org/web/20130716154247/http://www.press.sk:80/rucne-prace/o,a,30,0,20130716154247,LISTING
a,https://web.archive.org/web/20130819090737/http://www.press.sk:80/rucne-prace/o,a,30,0,20130819090737,LISTING
a,https://web.archive.org/web/20130921065829/http://www.press.sk:80/rucne-prace/o,a,30,0,20130921065829,LISTING
a,https://web.archive.org/web/20131024062429/http://www.press.sk:80/rucne-prace/o,a,30,0,20131024062429,LISTING
a,https://web.archive.org/web/20140221073758/http://www.press.sk:80/rucne-prace/o,a,30,0,20140221073758,LISTING
a,https://web.archive.org/web/20140709080102/http://www.press.sk:80/rucne-prace/o,a,30,0,20140709080102,LISTING
a,https://web.archive.org/web/20140917082327/http://www.press.sk:80/rucne-prace/o,a,30,0,20140917082327,LISTING
a,https://web.archive.org/web/20141015042837/http://www.press.sk:80/rucne-prace/o,a,30,0/,20141015042837,LISTING
a,https://web.archive.org/web/20090817224122/http://www.press.sk:80/rybarstvo/n,a,30,0/,20090817224122,LISTING
a,https://web.archive.org/web/20090218113741/http://www.press.sk:80/specialne-jednotky/n,a,30,0/,20090218113741,LISTING
a,https://web.archive.org/web/20130825012143/http://www.press.sk:80/specialne-jednotky/o,a,30,0/,20130825012143,LISTING
a,https://web.archive.org/web/20081109075326/http://www.press.sk:80/spravodajske-sluzby/n,a,30,0/,20081109075326,LISTING
a,https://web.archive.org/web/20170528172529/http://www.press.sk:80/stavebnice/o,a,100,0,20170528172529,LISTING
a,https://web.archive.org/web/20120111042341/http://www.press.sk:80/suveniry-modely/o,a,30,0/,20120111042341,LISTING
a,https://web.archive.org/web/20130623041009/http://www.press.sk/suveniry-modely/o,a,30,0/,20130623041009,LISTING
a,https://web.archive.org/web/20150909235504/http://www.press.sk:80/suveniry-modely/o,a,30,0/,20150909235504,LISTING
a,https://web.archive.org/web/20170101035250/http://www.press.sk:80/suveniry-modely/o,a,30,0/,20170101035250,LISTING
a,https://web.archive.org/web/20141130110057/http://www.press.sk:80/tajomstvo-ludskeho-tela/o,a,30,0/,20141130110057,LISTING
a,https://web.archive.org/web/20170113220150/http://www.press.sk:80/tank-t-34-85+281/,20170113220150,LISTING
a,https://web.archive.org/web/20170315213006/http://www.press.sk:80/tank-t-34-85+281/,20170315213006,LISTING
a,https://web.archive.org/web/20170330210420/http://www.press.sk:80/tank-t-34-85+281,20170330210420,LISTING
a,https://web.archive.org/web/20170515040757/http://www.press.sk:80/tank-t-34-85+281,20170515040757,LISTING
a,https://web.archive.org/web/20170516121603/http://www.press.sk:80/tank-t-34-85+281/,20170516121603,LISTING
a,https://web.archive.org/web/20170606134351/http://www.press.sk/tank-t-34-85+281/,20170606134351,LISTING
a,https://web.archive.org/web/20150310140748/http://www.press.sk:80/velke-bitvy-historie/o,a,30,0/,20150310140748,LISTING
a,https://web.archive.org/web/20151113193406/http://www.press.sk:80/vojenska-letadla/o,a,30,0/,20151113193406,LISTING
a,https://web.archive.org/web/20161017195857/http://www.press.sk:80/vojenska-technika-sveta/?,20161017195857,LISTING
a,https://web.archive.org/web/20161118010350/http://www.press.sk:80/vojenska-technika-sveta/?,20161118010350,LISTING
a,https://web.archive.org/web/20090527012329/http://www.press.sk:80/vojnovy-roman/n,a,30,0/,20090527012329,LISTING
a,https://web.archive.org/web/20090630030304/http://www.press.sk:80/zbrane-a-technika/n,a,10,0,20090630030304,LISTING
a,https://web.archive.org/web/20091223085527/http://www.press.sk:80/zbrane-a-technika/n,a,10,0,20091223085527,LISTING
a,https://web.archive.org/web/20091224231820/http://www.press.sk:80/zbrane-a-technika/n,a,100,0,20091224231820,LISTING
a,https://web.archive.org/web/20100127111753/http://www.press.sk:80/zbrane-a-technika/n,a,100,0,20100127111753,LISTING
a,https://web.archive.org/web/20090213203921/http://www.press.sk:80/zbrane-a-technika/n,a,30,0/,20090213203921,LISTING
a,https://web.archive.org/web/20100210065624/http://www.press.sk:80/zbrane-a-technika/n,a,30,0/,20100210065624,LISTING
a,https://web.archive.org/web/20130510202319/http://www.press.sk:80/zbrane-a-technika/o,a,30,0/,20130510202319,LISTING
a,https://web.archive.org/web/20150515034834/http://www.press.sk:80/zbrane-a-technika/o,a,30,0/,20150515034834,LISTING
a,https://web.archive.org/web/20150822002107/http://www.press.sk:80/zbrane-a-technika/o,a,30,0/,20150822002107,LISTING
a,https://web.archive.org/web/20170126113733/http://www.press.sk:80/zdravotnicka-literatura+365/,20170126113733,LISTING
a,https://web.archive.org/web/20170328025643/http://www.press.sk:80/zdravotnicka-literatura+365/,20170328025643,LISTING
a,https://web.archive.org/web/20170527213039/http://www.press.sk:80/zdravotnicka-literatura+365/,20170527213039,LISTING
a,https://web.archive.org/web/20170606130747/http://www.press.sk/zdravotnicka-literatura+365/,20170606130747,LISTING
