original_url,wayback_url,timestamp,type
http://www.press.sk:80/index.php/components/com_simpleboard/emoticons/images/obchod/product/index.php?,https://web.archive.org/web/20080202060538/http://www.press.sk:80/index.php/components/com_simpleboard/emoticons/images/obchod/product/index.php?,20080202060538,PRODUCT
http://www.press.sk:80/index.php/components/com_simpleboard/emoticons/images/obchod/product/index.php?,https://web.archive.org/web/20080308105725/http://www.press.sk:80/index.php/components/com_simpleboard/emoticons/images/obchod/product/index.php?,20080308105725,PRODUCT
http://www.press.sk:80/index.php/components/com_simpleboard/emoticons/images/obchod/product/index.php?,https://web.archive.org/web/20080505051302/http://www.press.sk:80/index.php/components/com_simpleboard/emoticons/images/obchod/product/index.php?,20080505051302,PRODUCT
http://www.press.sk:80/index.php/components/com_simpleboard/emoticons/images/obchod/product/index.php?page=shop.flypage&product_id=2603&category_id=&option=com_phpshop,https://web.archive.org/web/20080612210011/http://www.press.sk:80/index.php/components/com_simpleboard/emoticons/images/obchod/product/index.php?page=shop.flypage&product_id=2603&category_id=&option=com_phpshop,20080612210011,PRODUCT
http://www.press.sk:80/index.php/components/com_simpleboard/emoticons/images/obchod/product/index.php?option=com_phpshop&page=shop.browse&category_id=1,https://web.archive.org/web/20080612211437/http://www.press.sk:80/index.php/components/com_simpleboard/emoticons/images/obchod/product/index.php?option=com_phpshop&page=shop.browse&category_id=1,20080612211437,PRODUCT
http://www.press.sk:80/index.php/components/com_simpleboard/emoticons/images/obchod/product/index.php?option=com_phpshop&page=shop.browse&category_id=10,https://web.archive.org/web/20080612211443/http://www.press.sk:80/index.php/components/com_simpleboard/emoticons/images/obchod/product/index.php?option=com_phpshop&page=shop.browse&category_id=10,20080612211443,PRODUCT
http://www.press.sk:80/index.php/components/com_simpleboard/emoticons/images/obchod/product/index.php?option=com_phpshop&page=shop.browse&category_id=102,https://web.archive.org/web/20080612205404/http://www.press.sk:80/index.php/components/com_simpleboard/emoticons/images/obchod/product/index.php?option=com_phpshop&page=shop.browse&category_id=102,20080612205404,PRODUCT
http://www.press.sk:80/index.php/components/com_simpleboard/emoticons/images/obchod/product/index.php?option=com_phpshop&page=shop.browse&category_id=103,https://web.archive.org/web/20080612214617/http://www.press.sk:80/index.php/components/com_simpleboard/emoticons/images/obchod/product/index.php?option=com_phpshop&page=shop.browse&category_id=103,20080612214617,PRODUCT
http://www.press.sk:80/index.php/components/com_simpleboard/emoticons/images/obchod/product/index.php?option=com_phpshop&page=shop.browse&category_id=113,https://web.archive.org/web/20080612222325/http://www.press.sk:80/index.php/components/com_simpleboard/emoticons/images/obchod/product/index.php?option=com_phpshop&page=shop.browse&category_id=113,20080612222325,PRODUCT
http://www.press.sk:80/index.php/components/com_simpleboard/emoticons/images/obchod/product/index.php?option=com_phpshop&page=shop.browse&category_id=114,https://web.archive.org/web/20080612211446/http://www.press.sk:80/index.php/components/com_simpleboard/emoticons/images/obchod/product/index.php?option=com_phpshop&page=shop.browse&category_id=114,20080612211446,PRODUCT
http://www.press.sk:80/index.php/components/com_simpleboard/emoticons/images/obchod/product/index.php?option=com_phpshop&page=shop.browse&category_id=116,https://web.archive.org/web/20080612214622/http://www.press.sk:80/index.php/components/com_simpleboard/emoticons/images/obchod/product/index.php?option=com_phpshop&page=shop.browse&category_id=116,20080612214622,PRODUCT
http://www.press.sk:80/index.php/components/com_simpleboard/emoticons/images/obchod/product/index.php?option=com_phpshop&page=shop.browse&category_id=122,https://web.archive.org/web/20080612222330/http://www.press.sk:80/index.php/components/com_simpleboard/emoticons/images/obchod/product/index.php?option=com_phpshop&page=shop.browse&category_id=122,20080612222330,PRODUCT
http://www.press.sk:80/index.php/components/com_simpleboard/emoticons/images/obchod/product/index.php?option=com_phpshop&page=shop.browse&category_id=35,https://web.archive.org/web/20080612205949/http://www.press.sk:80/index.php/components/com_simpleboard/emoticons/images/obchod/product/index.php?option=com_phpshop&page=shop.browse&category_id=35,20080612205949,PRODUCT
http://www.press.sk:80/index.php/components/com_simpleboard/emoticons/images/obchod/product/index.php?option=content&task=blogsection&id=1&Itemid=31,https://web.archive.org/web/20080612214634/http://www.press.sk:80/index.php/components/com_simpleboard/emoticons/images/obchod/product/index.php?option=content&task=blogsection&id=1&Itemid=31,20080612214634,PRODUCT
http://www.press.sk:80/index.php/components/com_simpleboard/emoticons/images/obchod/product/index.php?option=content&task=blogsection&id=1,https://web.archive.org/web/20080612222346/http://www.press.sk:80/index.php/components/com_simpleboard/emoticons/images/obchod/product/index.php?option=content&task=blogsection&id=1,20080612222346,PRODUCT
http://www.press.sk:80/index.php/components/com_simpleboard/emoticons/images/obchod/product/index.php?option=content&task=blogsection&id=10,https://web.archive.org/web/20080612205409/http://www.press.sk:80/index.php/components/com_simpleboard/emoticons/images/obchod/product/index.php?option=content&task=blogsection&id=10,20080612205409,PRODUCT
http://www.press.sk:80/index.php/components/com_simpleboard/emoticons/images/obchod/product/index.php?option=content&task=view&id=1050,https://web.archive.org/web/20080612214639/http://www.press.sk:80/index.php/components/com_simpleboard/emoticons/images/obchod/product/index.php?option=content&task=view&id=1050,20080612214639,PRODUCT
http://www.press.sk:80/index.php/components/com_simpleboard/emoticons/images/obchod/product/index.php?option=content&task=blogsection&id=2,https://web.archive.org/web/20080612210005/http://www.press.sk:80/index.php/components/com_simpleboard/emoticons/images/obchod/product/index.php?option=content&task=blogsection&id=2,20080612210005,PRODUCT
http://www.press.sk:80/index.php/components/com_simpleboard/emoticons/images/obchod/product/index.php?option=content&task=view&id=26&Itemid=33,https://web.archive.org/web/20080612211115/http://www.press.sk:80/index.php/components/com_simpleboard/emoticons/images/obchod/product/index.php?option=content&task=view&id=26&Itemid=33,20080612211115,PRODUCT
http://www.press.sk:80/index.php/components/com_simpleboard/emoticons/images/obchod/product/index.php?option=content&task=blogsection&id=4,https://web.archive.org/web/20080612222221/http://www.press.sk:80/index.php/components/com_simpleboard/emoticons/images/obchod/product/index.php?option=content&task=blogsection&id=4,20080612222221,PRODUCT
http://www.press.sk:80/index.php/components/com_simpleboard/emoticons/images/obchod/product/index.php?option=content&task=blogsection&id=5,https://web.archive.org/web/20080612211452/http://www.press.sk:80/index.php/components/com_simpleboard/emoticons/images/obchod/product/index.php?option=content&task=blogsection&id=5,20080612211452,PRODUCT
http://www.press.sk:80/index.php/components/com_simpleboard/emoticons/images/obchod/product/index.php?option=content&task=blogsection&id=6,https://web.archive.org/web/20080612211457/http://www.press.sk:80/index.php/components/com_simpleboard/emoticons/images/obchod/product/index.php?option=content&task=blogsection&id=6,20080612211457,PRODUCT
http://www.press.sk:80/index.php/components/com_simpleboard/emoticons/images/obchod/product/index.php?option=content&task=view&id=614,https://web.archive.org/web/20080612214644/http://www.press.sk:80/index.php/components/com_simpleboard/emoticons/images/obchod/product/index.php?option=content&task=view&id=614,20080612214644,PRODUCT
http://www.press.sk:80/index.php/components/com_simpleboard/emoticons/images/obchod/product/index.php?option=content&task=view&id=631,https://web.archive.org/web/20080612222224/http://www.press.sk:80/index.php/components/com_simpleboard/emoticons/images/obchod/product/index.php?option=content&task=view&id=631,20080612222224,PRODUCT
http://www.press.sk:80/index.php/components/com_simpleboard/emoticons/images/obchod/product/index.php?option=content&task=view&id=696,https://web.archive.org/web/20080612222414/http://www.press.sk:80/index.php/components/com_simpleboard/emoticons/images/obchod/product/index.php?option=content&task=view&id=696,20080612222414,PRODUCT
http://www.press.sk:80/index.php/components/com_simpleboard/emoticons/images/obchod/product/index.php?option=content&task=view&id=738,https://web.archive.org/web/20080612211120/http://www.press.sk:80/index.php/components/com_simpleboard/emoticons/images/obchod/product/index.php?option=content&task=view&id=738,20080612211120,PRODUCT
http://www.press.sk:80/index.php/components/com_simpleboard/emoticons/images/obchod/product/index.php?option=content&task=view&id=746,https://web.archive.org/web/20080523100943/http://www.press.sk:80/index.php/components/com_simpleboard/emoticons/images/obchod/product/index.php?option=content&task=view&id=746,20080523100943,PRODUCT
http://www.press.sk:80/index.php/components/com_simpleboard/emoticons/images/obchod/product/index.php?option=content&task=view&id=785,https://web.archive.org/web/20080612211502/http://www.press.sk:80/index.php/components/com_simpleboard/emoticons/images/obchod/product/index.php?option=content&task=view&id=785,20080612211502,PRODUCT
http://www.press.sk:80/index.php/components/com_simpleboard/emoticons/images/obchod/product/index.php?option=content&task=view&id=792,https://web.archive.org/web/20080612211125/http://www.press.sk:80/index.php/components/com_simpleboard/emoticons/images/obchod/product/index.php?option=content&task=view&id=792,20080612211125,PRODUCT
http://www.press.sk:80/index.php/components/com_simpleboard/emoticons/images/obchod/product/index.php?option=content&task=view&id=794,https://web.archive.org/web/20080612211132/http://www.press.sk:80/index.php/components/com_simpleboard/emoticons/images/obchod/product/index.php?option=content&task=view&id=794,20080612211132,PRODUCT
http://www.press.sk:80/index.php/components/com_simpleboard/emoticons/images/obchod/product/index.php?option=content&task=view&id=798,https://web.archive.org/web/20080612222421/http://www.press.sk:80/index.php/components/com_simpleboard/emoticons/images/obchod/product/index.php?option=content&task=view&id=798,20080612222421,PRODUCT
http://www.press.sk:80/index.php/components/com_simpleboard/emoticons/images/obchod/product/index.php?option=content&task=view&id=799,https://web.archive.org/web/20080612210000/http://www.press.sk:80/index.php/components/com_simpleboard/emoticons/images/obchod/product/index.php?option=content&task=view&id=799,20080612210000,PRODUCT
http://www.press.sk:80/index.php/components/com_simpleboard/emoticons/images/obchod/product/index.php?option=content&task=view&id=800,https://web.archive.org/web/20080612211507/http://www.press.sk:80/index.php/components/com_simpleboard/emoticons/images/obchod/product/index.php?option=content&task=view&id=800,20080612211507,PRODUCT
http://www.press.sk:80/index.php/components/com_simpleboard/emoticons/images/obchod/product/index.php?option=content&task=blogsection&id=9,https://web.archive.org/web/20080612222407/http://www.press.sk:80/index.php/components/com_simpleboard/emoticons/images/obchod/product/index.php?option=content&task=blogsection&id=9,20080612222407,PRODUCT
http://www.press.sk:80/index.php/components/com_simpleboard/emoticons/images/obchod/product/index.php?option=com_frontpage&Itemid=1,https://web.archive.org/web/20080612211107/http://www.press.sk:80/index.php/components/com_simpleboard/emoticons/images/obchod/product/index.php?option=com_frontpage&Itemid=1,20080612211107,PRODUCT
http://www.press.sk:80/index.php/components/com_simpleboard/emoticons/images/obchod/product/index.php?option=com_rsgallery&Itemid=28,https://web.archive.org/web/20080612205955/http://www.press.sk:80/index.php/components/com_simpleboard/emoticons/images/obchod/product/index.php?option=com_rsgallery&Itemid=28,20080612205955,PRODUCT
http://www.press.sk:80/index.php/components/com_simpleboard/emoticons/images/obchod/product/index.php?option=com_newsfeeds&Itemid=29,https://web.archive.org/web/20080612214616/http://www.press.sk:80/index.php/components/com_simpleboard/emoticons/images/obchod/product/index.php?option=com_newsfeeds&Itemid=29,20080612214616,PRODUCT
http://www.press.sk:80/index.php/components/com_simpleboard/emoticons/images/obchod/product/index.php?option=com_contact&Itemid=3,https://web.archive.org/web/20080612222320/http://www.press.sk:80/index.php/components/com_simpleboard/emoticons/images/obchod/product/index.php?option=com_contact&Itemid=3,20080612222320,PRODUCT
http://www.press.sk:80/index.php/components/com_simpleboard/emoticons/images/obchod/product/index.php?option=com_weblinks&Itemid=4,https://web.archive.org/web/20080612211111/http://www.press.sk:80/index.php/components/com_simpleboard/emoticons/images/obchod/product/index.php?option=com_weblinks&Itemid=4,20080612211111,PRODUCT
http://www.press.sk:80/index.php/components/com_simpleboard/emoticons/images/obchod/product/index.php?option=com_phpshop&page=shop.cart,https://web.archive.org/web/20080612214627/http://www.press.sk:80/index.php/components/com_simpleboard/emoticons/images/obchod/product/index.php?option=com_phpshop&page=shop.cart,20080612214627,PRODUCT
http://www.press.sk:80/index.php/components/com_simpleboard/emoticons/images/obchod/product/index.php?option=com_phpshop&page=shop.flypage&product_id=3971,https://web.archive.org/web/20080612222335/http://www.press.sk:80/index.php/components/com_simpleboard/emoticons/images/obchod/product/index.php?option=com_phpshop&page=shop.flypage&product_id=3971,20080612222335,PRODUCT
http://www.press.sk:80/index.php/components/com_simpleboard/emoticons/images/obchod/product/index.php?option=com_registration&task=register,https://web.archive.org/web/20080612222214/http://www.press.sk:80/index.php/components/com_simpleboard/emoticons/images/obchod/product/index.php?option=com_registration&task=register,20080612222214,PRODUCT
http://www.press.sk:80/index.php/components/com_simpleboard/emoticons/images/obchod/product/index.php?option=com_reviews,https://web.archive.org/web/20080612222340/http://www.press.sk:80/index.php/components/com_simpleboard/emoticons/images/obchod/product/index.php?option=com_reviews,20080612222340,PRODUCT
http://www.press.sk:80/index.php/images/obchod/product/index.php?,https://web.archive.org/web/20080129185439/http://www.press.sk:80/index.php/images/obchod/product/index.php?,20080129185439,PRODUCT
http://www.press.sk:80/index.php/images/obchod/product/index.php?,https://web.archive.org/web/20080308121829/http://www.press.sk:80/index.php/images/obchod/product/index.php?,20080308121829,PRODUCT
http://www.press.sk:80/index.php/images/obchod/product/index.php?,https://web.archive.org/web/20080415002935/http://www.press.sk:80/index.php/images/obchod/product/index.php?,20080415002935,PRODUCT
http://www.press.sk:80/index.php/images/obchod/product/index.php?,https://web.archive.org/web/20080516020231/http://www.press.sk:80/index.php/images/obchod/product/index.php?,20080516020231,PRODUCT
http://www.press.sk:80/index.php/images/obchod/product/index.php?,https://web.archive.org/web/20080615145242/http://www.press.sk:80/index.php/images/obchod/product/index.php?,20080615145242,PRODUCT
http://www.press.sk:80/index.php/components/com_simpleboard/emoticons/images/obchod/product/index.php?,https://web.archive.org/web/20080927094734/http://www.press.sk:80/index.php/components/com_simpleboard/emoticons/images/obchod/product/index.php?,20080927094734,PRODUCT
http://www.press.sk:80/index.php/images/obchod/product/images/M_images/index.php?,https://web.archive.org/web/20080710052309/http://www.press.sk:80/index.php/images/obchod/product/images/M_images/index.php?,20080710052309,PRODUCT
